,Total number of passenger-kilometres,Total passenger traffic except air,Share of commutes removed due to teleworking,Passenger-kilometres for personal reasons,Passenger-kilometres for business reasons,Share of collective transport in total land passenger traffic (except air),Total road passenger traffic,"Passenger-kilometres travelled by non-motorized mode (bicycle, foot)",Pedestrian passenger-kilometres,Bicycle passenger-kilometres,Share of pkm travelled by electric bikes (out of the total pkm travelled by bikes),Average number of people per vehicle,Total car passenger-kilometres,Passenger-kilometres travelled by liquid fuel cars,Passenger-kilometres travelled by cars running on LPG,Passenger-kilometres travelled by cars running on NGV / biomethane,Passenger-kilometres travelled by hydrogen cars,Passenger-kilometres travelled by electric cars,Passenger-kilometres travelled by plug-in gasoline fuel hybrid cars,Passenger-kilometres travelled by plug-in diesel hybrid cars,Passenger-kilometres travelled by plug-in gas hybrid cars,Total passenger-kilometres travelled by motorcycles,Passenger-kilometres travelled by motorcycles running on liquid fuels,Passenger-kilometres travelled by motorcycles running on NGV / biomethane,Passenger-kilometres travelled by electric motorcycles,Occupancy level of buses and coaches,Total passenger-kilometres travelled by buses and coaches,Passenger-kilometres travelled by buses and coaches running on liquid fuels,Passenger-kilometres travelled by buses and coaches running on LPG,Passenger-kilometres travelled by buses and coaches running on NGV / biomethane,Passenger-kilometres travelled by hydrogen powered buses and coaches,Passenger-kilometres travelled by electric buses and coaches,Average annual distance travelled by car,Average annual distance travelled by gasoline car,Average annual distance travelled by diesel car,Average annual distance travelled by motorcycle,Average annual distance travelled by bus / coach,Total stock of cars,Stock of gasoline cars,Stock of diesel cars,Stock of LPG cars,Stock of NGV cars,Stock of hydrogen cars,Stock of electric cars,Stock of plug-in gasoline fuel hybrid cars,Stock of plug-in diesel hybrid cars,Stock of plug-in gas hybrid cars,Total registrations of new cars,Average distance travelled by electric car,Registrations of new diesel cars,Registrations of new LPG cars,Registrations of new NGV cars,Registrations of new electric cars,Registrations of new plug-in hybrid cars,Registrations of new flex cars,Total stock of motorcycles,Stock of motorcycles running on liquid fuels,Stock of motorcycles running on NGV / biomethane,Stock of electric motorcycles,Total stock of buses/coaches,Stock of gasoline buses/coaches,Stock of diesel buses/coaches,Stock of LPG buses/coaches,Stock of NGV buses/coaches,Stock of hydrogen powered buses/coaches,Stock of electric buses/coaches,Energy efficiency of electric cycles,Average weight per car,Average specific consumption of cars running on liquid fossil fuels,Average specific consumption of gasoline cars,Average specific consumption of diesel cars,Average specific consumption of cars running on LPG,Average specific consumption of cars running on NGV / biomethane,Average specific consumption of hydrogen cars,Average specific consumption of electric cars,Share of pkm travelled in electric mode for plug-in hybrid cars,Average specific consumption of motorcycles running on liquid fossil fuels,Average specific consumption of motorcycles running on NGV / biomethane,Average specific consumption of electric motorcycles,Average specific consumption of buses and coaches running on liquid fossil fuels,Average specific consumption of buses and coaches running on LPG,Average specific consumption of buses and coaches running on NGV / biomethane,Average specific consumption of hydrogen powered buses and coaches,Average specific consumption of electric buses and coaches,Total final energy consumption in passenger road mobility,Final liquid fuels consumption in passenger road mobility,Final energy consumption from gaseous motor fuels - methane for passenger road mobility,Final energy consumption from gaseous motor fuels - hydrogen for passenger road mobility,Final electricity consumption for passenger road mobility,Passenger-kilometres travelled by trains,"Passenger-kilometres travelled by metros, tram",Share of liquid fuels in passenger-kilometres travelled in rail transport,Share of NGV / biomethane in passenger-kilometres travelled in rail transport,Share of hydrogen fuel in passenger-kilometres travelled in rail transport,Share of electricity in passenger-kilometres travelled in rail transport,Energy efficiency of passenger trains,Total final energy consumption in rail passenger transport,Final energy consumption from liquid fuels in rail passenger transport,Final energy consumption from NGV / biomethane in rail passenger transport,Final energy consumption from hydrogen in rail passenger transport,Final electricity consumption in rail passenger transport,Passenger-kilometres travelled on domestic flights,Passenger-kilometres travelled on international flights,Passenger-kilometres travelled on international intra-EU28 flights,Passenger-kilometres travelled on international extra-EU28 flights,Energy efficiency of planes,Energy efficiency of domestic planes,Energy efficiency of international planes,Total final liquid fuels consumption for air travels,Final liquid fuels consumption on domestic flightss,Final liquid fuels consumption on international flightss,Total final energy consumption for air travel,Final liquid fuels consumption on domestic flights,Final liquid fuels consumption on international flights,Passenger-kilometres travelled by sea and inland waterways,Energy efficiency of marine & river passenger transport,Final energy consumption from liquid fuels in water passenger transport,Total final energy consumption in passenger mobility,Final liquid fuels consumption in passenger mobility,Final energy consumption from gaseous motor fuels - methane in passenger mobility,Final energy consumption from gaseous motor fuels - hydrogen in passenger mobility,Final electricity consumption in passenger mobility,Total final energy consumption in passenger mobility,Final liquid fuels consumption in passenger mobility,Final energy consumption from gaseous motor fuels - methane for passenger mobility,Final energy consumption from gaseous motor fuels - hydrogen for passenger mobility,Final electricity consumption for passenger mobility,Total number of tonne-kilometres,Total number of tonne-kilometres transported by road,Average load factor for road freight transport,Total tonne-kilometres for national road freight transport,Total tonne-kilometres for international road freight transport,Average load factor of light commercial vehicles (LCV),Total vehicle-kilometres travelled by light commercial vehicles (LCV),Vehicle-kilometres travelled by light commercial vehicles running on liquid fuels,Vehicle-kilometres travelled by LPG light commercial vehicles,Vehicle-kilometres travelled by light commercial vehicles running on NGV / biomethane,Vehicle-kilometres travelled by hydrogen light commercial vehicles,Vehicle-kilometres travelled by electric light commercial vehicles,Vehicle-kilometres travelled by plug-in gasoline fuel hybrid light commercial vehicles,Vehicle-kilometres travelled by plug-in diesel hybrid light commercial vehicles,Vehicle-kilometres travelled by plug-in gas hybrid light commercial vehicles,Average load factor of trucks (relative),Average load factor of trucks (absolute),Tonne-kilometres travelled by liquid fuels (diesel) trucks,Tonne-kilometres travelled by LPG trucks,Tonne-kilometres travelled by trucks running on NGV / biomethane,Tonne-kilometres travelled by hydrogen trucks,Tonne-kilometres travelled by electric trucks,Average annual distance travelled by light vehicle,Average annual distance travelled by truck,Total stock of trucks and light vehicles,Stock of gasoline trucks and light vehicles,Stock of diesel trucks and light vehicles,Total stock of light commercial vehicles <3t load capacity,Stock of gasoline light vehicles <3t load capacity,Stock of diesel light vehicles <3t load capacity,Stock of LPG light vehicles <3t load capacity,Stock of NGV light vehicles <3t load capacity,Stock of hydrogen light vehicles <3t load capacity,Stock of electric light vehicles <3t load capacity,Stock of plug-in gasoline fuel hybrid light vehicles <3t load capacity,Stock of plug-in diesel fuel hybrid light vehicles <3t load capacity,Stock of plug-in gas fuel hybrid light vehicles <3t load capacity,Stock of trucks,Average specific consumption of light commercial vehicles running on liquid fossil fuels,Average specific consumption of light commercial vehicles running on LPG,Average specific consumption of light commercial vehicles running on NGV / biomethane,Average specific consumption of hydrogen light commercial vehicles,Average specific consumption of electric light commercial vehicles,Share of vkm travelled in electric mode for plug-in hybrid light commercial vehicles,Average specific consumption of diesel trucks,Average specific consumption of trucks running on LPG,Average specific consumption of trucks running on NGV / biomethane,Average specific consumption of hydrogen powered trucks,Average specific consumption of electric trucks,Total final energy consumption in road freight transport,Final liquid fuels consumption in road freight transport,Final energy consumption from gaseous motor fuels - methane for road freight transport,Final energy consumption from gaseous motor fuels - hydrogen for road freight transport,Final electricity consumption for road freight transport,Total final energy consumption in road freight transport,Final liquid fuels consumption in road freight transport,Final energy consumption from gaseous motor fuels - methane for road freight transport,Final energy consumption from gaseous motor fuels - hydrogen for road freight transport,Final electricity consumption for road freight transport,Tonne-kilometres transported by rail,Share of liquid fuels in tonne-kilometres transported by rail,Share of NGV / biomethane in tonne-kilometres transported by rail,Share of hydrogen fuel in tonne-kilometres transported by rail,Share of electricity in tonne-kilometres transported by rail,Energy efficiency of rail freight transport,Total final energy consumption in rail freight transport,Final energy consumption from liquid fuels in rail freight transport,Final energy consumption from NGV / biomethane in rail freight transport,Final energy consumption from hydrogen in rail freight transport,Final electricity consumption in rail freight transport,Water freight transport,Total tonne-kilometres for national water freight transport,Total tonne-kilometres for international water freight transport,Share of liquid fuels in tonne-kilometres transported by water freight transport,Share of NGV / biomethane in tonne-kilometres transported by water freight transport,Energy efficiency of national water freight transport,Energy efficiency of international water freight transport,Total final liquid fuels consumption for water freight transport,Final liquid fuels consumption on national water freight transport,Final NGV / biomethane consumption on national water freight transport,Final liquid fuels consumption on international water freight transport,Final NGV / biomethane consumption on international water freight transport,Total final energy consumption for water freight transport,Final energy consumption from liquid fuels in national water freight transport,Final energy consumption from NGV / biomethane in national water freight transport,Final energy consumption from liquid fuels in international water freight transport,Final energy consumption from NGV / biomethane in international water freight transport,Total final energy consumption in freight transport,Final liquid fuels consumption in freight transport,Final energy consumption from gaseous motor fuels - methane in freight transport,Final energy consumption from gaseous motor fuels - hydrogen in freight transport,Final electricity consumption in freight transport,Total final energy consumption in freight transport,Final liquid fuels consumption in freight transport,Final energy consumption from gaseous motor fuels - methane for freight transport,Final energy consumption from gaseous motor fuels - hydrogen for freight transport,Final electricity consumption for freight transport,Total final energy consumption in transport,Final liquid fuels consumption in transport,Final energy consumption from gaseous motor fuels - methane for transport,Final energy consumption from gaseous motor fuels - hydrogen for transport,Final electricity consumption for transport,Total final energy consumption in the transport sector,Final liquid fuels consumption in transport,Final energy consumption from gaseous motor fuels - methane in transport,Final energy consumption from gaseous motor fuels - hydrogen in transport,Final electricity consumption in transport,Share of renewable energy sources in liquid fuel consumption for transport,Any general comment on Passenger mobility?,Any general comment on Freight transport?,Total_Road,Electricity_Road,Total_rail,Electricity_rail
FR,904.148399676922,889.889680203581,0.0,0.0,0.0,0.0,727.252980389629,0.0,0.0,0.0,0.0,0.0,0.0,0.0,0.0,0.0,0.0,0.0,0.0,0.0,0.0,0.0,0.0,0.0,0.0,0.0,0.0,0.0,0.0,0.0,0.0,0.0,0.0,0.0,0.0,0.0,0.0,0.0,0.0,0.0,0.0,0.0,0.0,0.0,0.0,0.0,0.0,0.0,0.0,0.0,0.0,0.0,0.0,0.0,0.0,0.0,0.0,0.0,0.0,0.0,0.0,0.0,0.0,0.0,0.0,0.0,1.085,0.0,4.4545395293767,4.91066433168997,4.07949383488957,6.45323788472223,3.86528247926695,0.741033033033033,0.144844,0.7,2.03275487190557,1.83220004425758,0.047952,29.6072207192114,42.8916248574142,25.5526003098031,8.23423423423423,2.1479,85.8218448986932,0.0,0.0,0.0,0.0,162.636699813951,0.0,0.0,0.0,0.0,0.0,8.871,13.3931956770174,0.0,0.0,0.0,0.0,14.2587194733417,137.218364813889,0.0,0.0,29.068,0.0,0.0,0.0,7.19697458441345,36.8123397977985,44.0313588606123,4.14472457651097,39.8866342841013,0.0,0.0,0.0,106.412015160124,46.4376975035436,4.51665752156518,3.68398880304031,51.773671331975,4.14472457651097,4.14472457651097,0.0,0.0,0.0,0.0,0.0,0.0,0.0,0.0,0.0,122.041203614043,0.0,0.0,0.0,0.0,0.0,0.0,0.0,0.0,100.0,10.1177603896477,55.3082517254655,0.0,91.258615347018,24.8887132764595,49.7774265529189,0.0,0.0,0.0,0.0,0.0,0.0,0.0,0.0,0.0,0.0,0.0,0.0,0.0,0.0,0.0,0.0,5.94933752795156,8.61873378183914,5.16214070618569,1.83495495495496,0.3159168,0.25,31.3978210185401,47.6948482320752,28.4141110942377,7.31474474474475,1.67262,0.0,0.0,0.0,0.0,0.0,60.6281694388138,17.4535222458731,28.9538225889014,5.99185732328297,8.22896728075634,85.1497463567568,0.0,0.0,0.0,0.0,3.683041824,0.0,0.0,0.0,0.0,0.0,0.0,8.00868530906549,383.275064136364,1.0,0.0,7.236,3.14285714285714,0.0,0.0,0.0,8.03052515333333,4.01526257666667,12.625296198964,0.579508468963979,0.0,12.04578773,0.0,108.572018973819,32.4856107505233,40.4916154296972,7.9739787227415,27.6208140708569,61.2076779077778,18.0330307148371,28.9538225889014,5.99185732328297,8.22896728075634,65.3524024842888,22.1777552913481,28.9538225889014,5.99185732328297,8.22896728075634,214.984034133943,78.9233082540669,45.0082729512624,11.6579675257818,79.3944854028319,0.55,0.0,0.0,146.450014337507,8.22896728075634,13.3931956770174,0.0
DE,1087.95361004827,1082.11601864642,0.0,0.0,0.0,0.0,894.9356984685,0.0,0.0,0.0,0.0,0.0,0.0,0.0,0.0,0.0,0.0,0.0,0.0,0.0,0.0,0.0,0.0,0.0,0.0,0.0,0.0,0.0,0.0,0.0,0.0,0.0,0.0,0.0,0.0,0.0,0.0,0.0,0.0,0.0,0.0,0.0,0.0,0.0,0.0,0.0,0.0,0.0,0.0,0.0,0.0,0.0,0.0,0.0,0.0,0.0,0.0,0.0,0.0,0.0,0.0,0.0,0.0,0.0,0.0,0.0,1.085,0.0,4.4545395293767,4.75957603530949,4.19602705462035,6.45323788472223,3.93140075237884,0.741033033033033,0.144844,0.7,2.03275487190557,1.83220004425758,0.047952,29.6072207192114,42.8916248574142,25.5526003098031,8.23423423423423,2.1479,109.395411763449,0.0,0.0,0.0,0.0,187.180320177924,0.0,0.0,0.0,0.0,0.0,8.871,16.4643775976924,0.0,0.0,0.0,0.0,5.83759140184141,182.41839685667,0.0,0.0,29.068,0.0,0.0,0.0,2.94647755934824,48.5746328320212,54.7222506669842,1.69687106868726,53.0253795982968,0.0,0.0,0.0,128.80626692049,51.867635969058,5.49230715172179,4.77684125756432,66.6694825421459,1.69687106868726,1.69687106868726,0.0,0.0,0.0,0.0,0.0,0.0,0.0,0.0,0.0,30.8804677793216,0.0,0.0,0.0,0.0,0.0,0.0,0.0,0.0,100.0,10.1177603896477,91.7369250140832,0.0,151.365926273237,41.2816162563374,82.5632325126749,0.0,0.0,0.0,0.0,0.0,0.0,0.0,0.0,0.0,0.0,0.0,0.0,0.0,0.0,0.0,0.0,7.08917418822809,10.270001453836,5.9190048554604,1.83495495495496,0.3159168,0.25,27.5578609126138,41.8617582746152,24.9390593388053,7.31474474474475,1.67262,0.0,0.0,0.0,0.0,0.0,91.1469267977328,25.4087515205656,42.1508319849814,9.93838258872336,13.6489607034625,189.232064247571,0.0,0.0,0.0,0.0,3.27504125257143,0.0,0.0,0.0,0.0,0.0,0.0,55.9639580634986,308.814183045454,1.0,0.0,7.236,3.14285714285714,0.0,0.0,0.0,6.47039240666667,3.23519620333333,13.7551406154748,4.04955200547476,0.0,9.70558860999997,0.0,103.087703468356,29.0778120722066,42.2675370536421,9.56502086354043,22.1773334789672,95.1964788032076,29.4583035260403,42.1508319849814,9.93838258872336,13.6489607034625,96.8933498718949,31.1551745947276,42.1508319849814,9.93838258872336,13.6489607034625,231.893970388846,80.9454480412646,47.7598442053638,14.3418621211048,88.8468160211131,0.55,0.0,0.0,200.5423385611818,13.6489607034625,16.4643775976924,0.0
GB,918.225288458565,906.866402762695,0.0,0.0,0.0,0.0,746.705741611531,0.0,0.0,0.0,0.0,0.0,0.0,0.0,0.0,0.0,0.0,0.0,0.0,0.0,0.0,0.0,0.0,0.0,0.0,0.0,0.0,0.0,0.0,0.0,0.0,0.0,0.0,0.0,0.0,0.0,0.0,0.0,0.0,0.0,0.0,0.0,0.0,0.0,0.0,0.0,0.0,0.0,0.0,0.0,0.0,0.0,0.0,0.0,0.0,0.0,0.0,0.0,0.0,0.0,0.0,0.0,0.0,0.0,0.0,0.0,1.085,0.0,4.64014534310073,5.0678087869203,4.28608332957669,6.72212279658566,4.18234122593494,0.741033033033033,0.144844,0.7,2.03275487190557,1.83220004425758,0.047952,29.6072207192114,42.8916248574142,25.5526003098031,8.23423423423423,2.1479,92.1718027877258,0.0,0.0,0.0,0.0,160.160661151164,0.0,0.0,0.0,0.0,0.0,8.871,14.5899955882265,0.0,0.0,0.0,0.0,11.3588856958702,251.169598031083,0.0,0.0,29.068,0.0,0.0,0.0,5.73330668390491,65.6236446366285,76.3117796497507,3.30180089407555,73.0099787556752,0.0,0.0,0.0,112.495105059857,48.566549477488,4.696758474688,3.90532552601862,55.3264715816626,3.30180089407555,3.30180089407555,0.0,0.0,0.0,0.0,0.0,0.0,0.0,0.0,0.0,81.7953798783848,0.0,0.0,0.0,0.0,0.0,0.0,0.0,0.0,100.0,10.1177603896477,34.7890803009791,0.0,57.4019824966156,15.6550861354406,31.3101722708812,0.0,0.0,0.0,0.0,0.0,0.0,0.0,0.0,0.0,0.0,0.0,0.0,0.0,0.0,0.0,0.0,6.7505532303705,9.77944534149337,5.71133962879564,1.83495495495496,0.3159168,0.25,25.0012590765211,37.9781532151977,22.625409338967,7.31474474474475,1.67262,0.0,0.0,0.0,0.0,0.0,32.1884788102788,8.74175180449164,14.5017794859892,3.76889883640499,5.17604868339297,46.2396802684939,0.0,0.0,0.0,0.0,3.65735027428571,0.0,0.0,0.0,0.0,0.0,0.0,25.9288860664208,528.272579863636,1.0,0.0,7.236,3.14285714285714,0.0,0.0,0.0,11.06856834,5.53428417,18.4790667057662,1.87621419576621,0.0,16.60285251,0.0,80.4247729299468,29.1258183343732,21.0339903539055,11.2612713177468,19.0036929239212,34.0646930060451,10.6179660002579,14.5017794859892,3.76889883640499,5.17604868339297,37.3664939001206,13.9197668943334,14.5017794859892,3.76889883640499,5.17604868339297,192.919877989804,77.6923678118613,25.7307488285935,15.1665968437654,74.3301645055838,0.55,0.0,0.0,124.3602815980046,5.17604868339297,14.5899955882265,0.0
IT,787.648823943156,777.280817930068,0.0,0.0,0.0,0.0,683.199225288399,0.0,0.0,0.0,0.0,0.0,0.0,0.0,0.0,0.0,0.0,0.0,0.0,0.0,0.0,0.0,0.0,0.0,0.0,0.0,0.0,0.0,0.0,0.0,0.0,0.0,0.0,0.0,0.0,0.0,0.0,0.0,0.0,0.0,0.0,0.0,0.0,0.0,0.0,0.0,0.0,0.0,0.0,0.0,0.0,0.0,0.0,0.0,0.0,0.0,0.0,0.0,0.0,0.0,0.0,0.0,0.0,0.0,0.0,0.0,1.085,0.0,4.54115557578124,4.92904617709743,4.21828649323088,6.5787175102585,4.04850630670502,0.741033033033033,0.144844,0.7,2.03275487190557,1.83220004425758,0.047952,29.6072207192114,42.8916248574142,25.5526003098031,8.23423423423423,2.1479,80.1747130030383,0.0,0.0,0.0,0.0,94.081592641669,0.0,0.0,0.0,0.0,0.0,8.871,7.88532227456189,0.0,0.0,0.0,0.0,10.3680060130883,88.5742766549099,0.0,0.0,29.068,0.0,0.0,0.0,5.23316809105822,24.5846412754221,28.7605427259337,3.01377198788451,25.7467707380492,0.0,0.0,0.0,93.2932033686584,42.0685599160971,3.98268086121071,3.17842769940266,44.063534891948,3.01377198788451,3.01377198788451,0.0,0.0,0.0,0.0,0.0,0.0,0.0,0.0,0.0,54.0466605072166,0.0,0.0,0.0,0.0,0.0,0.0,0.0,0.0,100.0,10.1177603896477,30.4202252353653,0.0,50.1933716383528,13.6891013559144,27.3782027118288,0.0,0.0,0.0,0.0,0.0,0.0,0.0,0.0,0.0,0.0,0.0,0.0,0.0,0.0,0.0,0.0,5.95976897925997,8.63384569999187,5.07511358546513,1.83495495495496,0.3159168,0.25,27.5578609126138,41.8617582746152,24.9390593388053,7.31474474474475,1.67262,0.0,0.0,0.0,0.0,0.0,30.224580148863,8.42561426695277,13.9773357635906,3.29559593127615,4.52603418704342,49.5953006097363,0.0,0.0,0.0,0.0,4.23729439542857,0.0,0.0,0.0,0.0,0.0,0.0,56.6751636869488,599.029779409091,1.0,0.0,7.236,3.14285714285714,0.0,0.0,0.0,12.55110014,6.27555007,22.9276650543876,4.10101484438762,0.0,18.82665021,0.0,67.477546554407,24.299765476252,23.4098533454885,4.95061769477271,14.8173100378938,34.3255949932506,12.5266291113404,13.9773357635906,3.29559593127615,4.52603418704342,37.3393669811351,15.5404010992249,13.9773357635906,3.29559593127615,4.52603418704342,160.770749923065,66.3683253923491,27.3925342066992,8.12904539417537,58.8808449298418,0.55,0.0,0.0,110.3992931519013,4.52603418704342,7.88532227456189,0.0
ES,546.85356072079,524.405543809616,0.0,0.0,0.0,0.0,446.644105632587,0.0,0.0,0.0,0.0,0.0,0.0,0.0,0.0,0.0,0.0,0.0,0.0,0.0,0.0,0.0,0.0,0.0,0.0,0.0,0.0,0.0,0.0,0.0,0.0,0.0,0.0,0.0,0.0,0.0,0.0,0.0,0.0,0.0,0.0,0.0,0.0,0.0,0.0,0.0,0.0,0.0,0.0,0.0,0.0,0.0,0.0,0.0,0.0,0.0,0.0,0.0,0.0,0.0,0.0,0.0,0.0,0.0,0.0,0.0,1.085,0.0,4.53868083159826,4.9073942777356,4.23061584987489,6.57513237810032,4.04516043372428,0.741033033033033,0.144844,0.7,2.03275487190557,1.83220004425758,0.047952,29.6072207192114,42.8916248574142,25.5526003098031,8.23423423423423,2.1479,56.9647318388668,0.0,0.0,0.0,0.0,77.7614381770291,0.0,0.0,0.0,0.0,0.0,8.871,6.84855897649075,0.0,0.0,0.0,0.0,22.4480169111736,98.2503253931268,0.0,0.0,29.068,0.0,0.0,0.0,11.3304569517796,26.4030580569906,35.084594141014,6.52518955573994,28.5594045852741,0.0,0.0,0.0,75.1437477671371,35.5974821312654,2.68625820412944,2.50996291472806,34.3500445170142,6.52518955573994,6.52518955573994,0.0,0.0,0.0,0.0,0.0,0.0,0.0,0.0,0.0,31.28224795054,0.0,0.0,0.0,0.0,0.0,0.0,0.0,0.0,100.0,10.1177603896477,38.7786991928943,0.0,63.9848536682756,17.4504146368024,34.9008292736049,0.0,0.0,0.0,0.0,0.0,0.0,0.0,0.0,0.0,0.0,0.0,0.0,0.0,0.0,0.0,0.0,5.87461222771344,8.51048013737965,5.10325830931115,1.83495495495496,0.3159168,0.25,29.4532887577362,44.7410072312412,26.6543661854371,7.31474474474475,1.67262,0.0,0.0,0.0,0.0,0.0,40.4935518725853,11.4794392925939,19.043356636877,4.2011169309723,5.76963901214207,54.6529258152025,0.0,0.0,0.0,0.0,4.129633824,0.0,0.0,0.0,0.0,0.0,0.0,48.0681147572433,1621.94494318182,1.0,0.0,7.236,3.14285714285714,0.0,0.0,0.0,33.9836083333333,16.9918041666667,54.4536212838341,3.47820878383413,0.0,50.9754125,0.0,58.5266290969219,17.8379090994349,23.1657696123754,5.03638479545081,12.4865655896607,43.9717606564194,14.9576480764281,19.043356636877,4.2011169309723,5.76963901214207,50.4969502121594,21.482837632168,19.043356636877,4.2011169309723,5.76963901214207,133.670376864059,53.4353912307003,25.8520278165049,7.54634771017888,46.8366101066749,0.55,0.0,0.0,97.4582837114521,5.76963901214207,6.84855897649075,0.0
PL,365.000163100112,364.733256696642,0.0,0.0,0.0,0.0,311.914932515134,0.0,0.0,0.0,0.0,0.0,0.0,0.0,0.0,0.0,0.0,0.0,0.0,0.0,0.0,0.0,0.0,0.0,0.0,0.0,0.0,0.0,0.0,0.0,0.0,0.0,0.0,0.0,0.0,0.0,0.0,0.0,0.0,0.0,0.0,0.0,0.0,0.0,0.0,0.0,0.0,0.0,0.0,0.0,0.0,0.0,0.0,0.0,0.0,0.0,0.0,0.0,0.0,0.0,0.0,0.0,0.0,0.0,0.0,0.0,1.085,0.0,4.53806214555251,4.66008404409602,4.42027165029807,6.57423609506078,4.07510970614438,0.741033033033033,0.144844,0.7,2.03275487190557,1.83220004425758,0.047952,29.6072207192114,42.8916248574142,25.5526003098031,8.23423423423423,2.1479,42.082380277762,0.0,0.0,0.0,0.0,52.8183241815078,0.0,0.0,0.0,0.0,0.0,8.871,5.81227989232847,0.0,0.0,0.0,0.0,0.266906403470525,32.9924785898417,0.0,0.0,29.068,0.0,0.0,0.0,0.13471887190052,9.87003027412086,9.66783802985599,0.0775843533608122,9.59025367649519,0.0,0.0,0.0,48.029379041991,17.3488570257021,1.86821377996903,1.9252355670184,26.8870726693015,0.0775843533608123,0.0775843533608123,0.0,0.0,0.0,0.0,0.0,0.0,0.0,0.0,0.0,25.6091423779255,0.0,0.0,0.0,0.0,0.0,0.0,0.0,0.0,100.0,10.1177603896477,33.9920599831681,0.0,38.2410674810642,22.9446404886385,40.7904719798018,0.0,0.0,0.0,0.0,0.0,0.0,0.0,0.0,0.0,0.0,0.0,0.0,0.0,0.0,0.0,0.0,6.79338236218484,9.84149139006277,5.90357985567555,1.83495495495496,0.3159168,0.25,27.5578609126138,41.8617582746152,24.9390593388053,7.31474474474475,1.67262,0.0,0.0,0.0,0.0,0.0,32.331016898748,9.41491995346353,10.6489805863638,5.52382964176687,6.7432867171538,81.2393920656625,0.0,0.0,0.0,0.0,2.805379296,0.0,0.0,0.0,0.0,0.0,0.0,0.0965357644823541,62.2743205,1.0,0.0,7.236,3.14285714285714,0.0,0.0,0.0,1.30479528666667,0.652397643333333,1.96417825791794,0.00698532791794314,0.0,1.95719293,0.0,42.7275255974917,11.9603859433151,12.5222312129735,6.52517961727248,11.7197288239307,32.3380022266659,9.42190528138148,10.6489805863638,5.52382964176687,6.7432867171538,32.4155865800267,9.49948963474229,10.6489805863638,5.52382964176687,6.7432867171538,90.7569046394827,29.3092429690172,14.3904449929425,8.45041518429088,38.6068014932321,0.55,0.0,0.0,74.41339717650999,6.7432867171538,5.81227989232847,0.0
SE,153.285688372284,151.422566940231,0.0,0.0,0.0,0.0,123.855991110763,0.0,0.0,0.0,0.0,0.0,0.0,0.0,0.0,0.0,0.0,0.0,0.0,0.0,0.0,0.0,0.0,0.0,0.0,0.0,0.0,0.0,0.0,0.0,0.0,0.0,0.0,0.0,0.0,0.0,0.0,0.0,0.0,0.0,0.0,0.0,0.0,0.0,0.0,0.0,0.0,0.0,0.0,0.0,0.0,0.0,0.0,0.0,0.0,0.0,0.0,0.0,0.0,0.0,0.0,0.0,0.0,0.0,0.0,0.0,1.085,0.0,4.64014534310073,5.0678087869203,4.28608332957669,6.72212279658566,4.18234122593494,0.741033033033033,0.144844,0.7,2.03275487190557,1.83220004425758,0.047952,29.6072207192114,42.8916248574142,25.5526003098031,8.23423423423423,2.1479,15.0989235127571,0.0,0.0,0.0,0.0,27.5665758294678,0.0,0.0,0.0,0.0,0.0,8.871,3.12561086419469,0.0,0.0,0.0,0.0,1.86312143205333,21.3628487924805,0.0,0.0,29.068,0.0,0.0,0.0,0.940395637857464,5.79125086529951,6.75132502486749,0.541572137869262,6.20975288699823,0.0,0.0,0.0,19.1649300148092,7.92131593871059,0.78423373318158,0.642290110333621,9.81709023258343,0.541572137869263,0.541572137869263,0.0,0.0,0.0,0.0,0.0,0.0,0.0,0.0,0.0,9.07122142475239,0.0,0.0,0.0,0.0,0.0,0.0,0.0,0.0,100.0,10.1177603896477,10.5258324016447,0.0,6.31549944098679,9.47324916148019,15.788748602467,0.0,0.0,0.0,0.0,0.0,0.0,0.0,0.0,0.0,0.0,0.0,0.0,0.0,0.0,0.0,0.0,6.39859205112813,9.26956341074391,5.54338462216143,1.83495495495496,0.3159168,0.25,27.5578609126138,41.8617582746152,24.9390593388053,7.31474474474475,1.67262,0.0,0.0,0.0,0.0,0.0,9.5648257442619,2.91538287335715,1.75867556452397,2.28064652169813,2.61012078468266,30.1780749281829,0.0,0.0,0.0,0.0,3.28031153828571,0.0,0.0,0.0,0.0,0.0,0.0,7.44483710368565,454.971489,1.0,0.0,7.236,3.14285714285714,0.0,0.0,0.0,9.53273596,4.76636798,14.8378123528227,0.538708412822694,0.0,14.29910394,0.0,15.1191001128107,5.16145813608376,2.26820524796683,2.96383754974549,4.72559917901463,10.1035341570846,3.45409128617984,1.75867556452397,2.28064652169813,2.61012078468266,10.6451062949539,3.9956634240491,1.75867556452397,2.28064652169813,2.61012078468266,34.2840301276199,13.0827740747943,3.05243898114842,3.60612766007912,14.5426894115981,0.671269630268385,0.0,0.0,24.663749257019,2.61012078468266,3.12561086419469,0.0
NL,201.729753673863,201.645054682723,0.0,0.0,0.0,0.0,164.942730095965,0.0,0.0,0.0,0.0,0.0,0.0,0.0,0.0,0.0,0.0,0.0,0.0,0.0,0.0,0.0,0.0,0.0,0.0,0.0,0.0,0.0,0.0,0.0,0.0,0.0,0.0,0.0,0.0,0.0,0.0,0.0,0.0,0.0,0.0,0.0,0.0,0.0,0.0,0.0,0.0,0.0,0.0,0.0,0.0,0.0,0.0,0.0,0.0,0.0,0.0,0.0,0.0,0.0,0.0,0.0,0.0,0.0,0.0,0.0,1.085,0.0,4.64014534310073,5.07000767092029,4.28438734756834,6.72212279658566,4.18234122593494,0.741033033033033,0.144844,0.7,2.03275487190557,1.83220004425758,0.047952,29.6072207192114,42.8916248574142,25.5526003098031,8.23423423423423,2.1479,21.8493325065816,0.0,0.0,0.0,0.0,36.7023245867576,0.0,0.0,0.0,0.0,0.0,8.871,3.34343496055527,0.0,0.0,0.0,0.0,0.0846989911404387,81.1554695861721,0.0,0.0,29.068,0.0,0.0,0.0,0.0427511381862073,21.0848537190058,23.6148922020532,0.0246203027447027,23.5902718993085,0.0,0.0,0.0,25.2355186053231,9.34077313268377,1.04434138983957,1.0078670856035,13.8425369971963,0.0246203027447027,0.0246203027447027,0.0,0.0,0.0,0.0,0.0,0.0,0.0,0.0,0.0,19.7228709296022,0.0,0.0,0.0,0.0,0.0,0.0,0.0,0.0,100.0,10.1177603896477,11.3647616010932,0.0,18.7518566418037,5.11414272049193,10.2282854409839,0.0,0.0,0.0,0.0,0.0,0.0,0.0,0.0,0.0,0.0,0.0,0.0,0.0,0.0,0.0,0.0,6.20550989950614,8.98984761801301,5.42890283953327,1.83495495495496,0.3159168,0.25,25.3949524616588,38.5761930041062,22.9816903552758,7.31474474474475,1.67262,0.0,0.0,0.0,0.0,0.0,10.6347754194548,2.90069040087616,4.81198431291747,1.23120923013233,1.69089147552882,10.6437324606667,0.0,0.0,0.0,0.0,2.267905824,0.0,0.0,0.0,0.0,0.0,0.0,46.7430273968699,2697.08548709091,1.0,0.0,7.236,3.14285714285714,0.0,0.0,0.0,56.5103625866667,28.2551812933333,88.1478693424375,3.38232546243751,0.0,84.76554388,0.0,22.2984822404129,8.54962727378457,7.60586984716868,1.55304443723358,4.58994068222605,14.0171008818923,6.28301586331366,4.81198431291747,1.23120923013233,1.69089147552882,14.041721184637,6.30763616605837,4.81198431291747,1.23120923013233,1.69089147552882,47.534000845736,17.8904004064683,8.65021123700825,2.56091152283708,18.4324776794223,0.55,0.0,0.0,32.4841079260364,1.69089147552882,3.34343496055527,0.0
BE,140.961730622985,140.94204793695,0.0,0.0,0.0,0.0,119.211781187017,0.0,0.0,0.0,0.0,0.0,0.0,0.0,0.0,0.0,0.0,0.0,0.0,0.0,0.0,0.0,0.0,0.0,0.0,0.0,0.0,0.0,0.0,0.0,0.0,0.0,0.0,0.0,0.0,0.0,0.0,0.0,0.0,0.0,0.0,0.0,0.0,0.0,0.0,0.0,0.0,0.0,0.0,0.0,0.0,0.0,0.0,0.0,0.0,0.0,0.0,0.0,0.0,0.0,0.0,0.0,0.0,0.0,0.0,0.0,1.085,0.0,4.54870217714769,5.01167044871752,4.16788690341126,6.58965018096839,4.05870936922036,0.741033033033033,0.144844,0.7,2.03275487190557,1.83220004425758,0.047952,29.6072207192114,42.8916248574142,25.5526003098031,8.23423423423423,2.1479,15.3108616635744,0.0,0.0,0.0,0.0,21.7302667499326,0.0,0.0,0.0,0.0,0.0,8.871,2.29941611742809,0.0,0.0,0.0,0.0,0.0196826860354701,32.1812391717945,0.0,0.0,29.068,0.0,0.0,0.0,0.00993467831491523,8.46502854125222,9.36016396563402,0.00572136317679045,9.35444260245723,0.0,0.0,0.0,17.6202124593174,6.58926016949214,0.722761412205944,0.677473293549266,9.63071758407007,0.00572136317679044,0.00572136317679044,0.0,0.0,0.0,0.0,0.0,0.0,0.0,0.0,0.0,13.4124616317933,0.0,0.0,0.0,0.0,0.0,0.0,0.0,0.0,100.0,10.1177603896477,10.4793347276507,0.0,17.2909023006237,4.71570062744281,9.43140125488563,0.0,0.0,0.0,0.0,0.0,0.0,0.0,0.0,0.0,0.0,0.0,0.0,0.0,0.0,0.0,0.0,6.69528659891922,9.69938123666494,5.81813067747202,1.83495495495496,0.3159168,0.25,39.0430808194296,59.3083772627331,35.3328479453877,7.31474474474475,1.67262,0.0,0.0,0.0,0.0,0.0,13.6283396698107,4.1121735569385,6.82172583534084,1.13528590349741,1.55915437403397,13.3321892153767,0.0,0.0,0.0,0.0,3.98610701028571,0.0,0.0,0.0,0.0,0.0,0.0,9.97023771649256,1850.57514472727,1.0,0.0,7.236,3.14285714285714,0.0,0.0,0.0,38.7739554133333,19.3869777066667,58.8823795211654,0.721446401165402,0.0,58.1609331199999,0.0,17.7613588319606,5.79257977298881,6.88238349294253,1.33509898911123,3.75129657691801,14.3497860709761,4.8336199581039,6.82172583534084,1.13528590349741,1.55915437403397,14.3555074341529,4.83934132128069,6.82172583534084,1.13528590349741,1.55915437403397,35.381571291278,12.381839942481,7.60514490514847,2.01257228266049,13.3820141609881,0.55,0.0,0.0,28.9392013333851,1.55915437403397,2.29941611742809,0.0
FI,72.7239017457599,71.9281224924626,0.0,0.0,0.0,0.0,64.4754508776003,0.0,0.0,0.0,0.0,0.0,0.0,0.0,0.0,0.0,0.0,0.0,0.0,0.0,0.0,0.0,0.0,0.0,0.0,0.0,0.0,0.0,0.0,0.0,0.0,0.0,0.0,0.0,0.0,0.0,0.0,0.0,0.0,0.0,0.0,0.0,0.0,0.0,0.0,0.0,0.0,0.0,0.0,0.0,0.0,0.0,0.0,0.0,0.0,0.0,0.0,0.0,0.0,0.0,0.0,0.0,0.0,0.0,0.0,0.0,1.085,0.0,4.61539790127086,5.04078047339006,4.26322421848561,6.68627147500387,4.16003540606329,0.741033033033033,0.144844,0.7,2.03275487190557,1.83220004425758,0.047952,29.6072207192114,42.8916248574142,25.5526003098031,8.23423423423423,2.1479,7.71990646998762,0.0,0.0,0.0,0.0,7.45267161486237,0.0,0.0,0.0,0.0,0.0,8.871,0.870065358145331,0.0,0.0,0.0,0.0,0.795779253297292,13.6705576944856,0.0,0.0,29.068,0.0,0.0,0.0,0.401663211867782,3.604229194006,4.20507482398152,0.231317113348457,3.97375771063307,0.0,0.0,0.0,8.99163504000073,3.92355247014458,0.371530073751495,0.302572322560017,4.39398017354464,0.231317113348457,0.231317113348457,0.0,0.0,0.0,0.0,0.0,0.0,0.0,0.0,0.0,6.20752702099099,0.0,0.0,0.0,0.0,0.0,0.0,0.0,0.0,100.0,10.1177603896477,5.72903634744444,0.0,3.43742180846667,5.1561327127,8.59355452116666,0.0,0.0,0.0,0.0,0.0,0.0,0.0,0.0,0.0,0.0,0.0,0.0,0.0,0.0,0.0,0.0,6.62156432284537,9.5925806612586,5.70168464063922,1.83495495495496,0.3159168,0.25,30.0793213042832,45.6919817360728,27.2209073576952,7.31474474474475,1.67262,0.0,0.0,0.0,0.0,0.0,5.43874574390742,1.73198152081886,1.04480053261877,1.24131815137393,1.42064553909586,14.5703492478742,0.0,0.0,0.0,0.0,3.313556296,0.0,0.0,0.0,0.0,0.0,0.0,2.99943741118324,76.0258943181818,1.0,0.0,7.236,3.14285714285714,0.0,0.0,0.0,1.5929235,0.79646175,2.60642454107322,0.217039291073219,0.0,2.38938525,0.0,9.33008499808578,3.20077122305113,1.4544970900546,1.86702806630576,2.80778861867428,5.65578503498064,1.94902081189208,1.04480053261877,1.24131815137393,1.42064553909586,5.8871021483291,2.18033792524054,1.04480053261877,1.24131815137393,1.42064553909586,18.3217200380865,7.12432369319571,1.8260271638061,2.16960038886577,7.20176879221892,0.584409798338834,0.0,0.0,13.15865221389504,1.42064553909586,0.870065358145331,0.0
CZ,124.759512214222,124.415927796266,0.0,0.0,0.0,0.0,98.5933617783359,0.0,0.0,0.0,0.0,0.0,0.0,0.0,0.0,0.0,0.0,0.0,0.0,0.0,0.0,0.0,0.0,0.0,0.0,0.0,0.0,0.0,0.0,0.0,0.0,0.0,0.0,0.0,0.0,0.0,0.0,0.0,0.0,0.0,0.0,0.0,0.0,0.0,0.0,0.0,0.0,0.0,0.0,0.0,0.0,0.0,0.0,0.0,0.0,0.0,0.0,0.0,0.0,0.0,0.0,0.0,0.0,0.0,0.0,0.0,1.085,0.0,4.57208987806858,4.99348092471214,4.22322077407623,6.62353166223574,4.09032971896437,0.741033033033033,0.144844,0.7,2.03275487190557,1.83220004425758,0.047952,29.6072207192114,42.8916248574142,25.5526003098031,8.23423423423423,2.1479,12.6346554849894,0.0,0.0,0.0,0.0,25.8225660179297,0.0,0.0,0.0,0.0,0.0,8.871,2.33508203582688,0.0,0.0,0.0,0.0,0.343584417956176,11.6074651228857,0.0,0.0,29.068,0.0,0.0,0.0,0.173421486288036,3.37141470848013,3.47393108053191,0.0998731186115012,3.37405796192042,0.0,0.0,0.0,15.1431590071044,5.45888850848765,0.639638117256182,0.600457033635861,8.44417534772467,0.0998731186115013,0.0998731186115013,0.0,0.0,0.0,0.0,0.0,0.0,0.0,0.0,0.0,7.4661435137068,0.0,0.0,0.0,0.0,0.0,0.0,0.0,0.0,100.0,10.1177603896477,9.49229594158206,0.0,15.6622883036104,4.27153317371193,8.54306634742386,0.0,0.0,0.0,0.0,0.0,0.0,0.0,0.0,0.0,0.0,0.0,0.0,0.0,0.0,0.0,0.0,7.00542167051153,10.1486701878982,6.00131228776327,1.83495495495496,0.3159168,0.25,27.5578609126138,41.8617582746152,24.9390593388053,7.31474474474475,1.67262,0.0,0.0,0.0,0.0,0.0,9.43124704906967,2.62912005064815,4.36147354322072,1.02835438072887,1.41229907447192,18.8528033889962,0.0,0.0,0.0,0.0,3.134508296,0.0,0.0,0.0,0.0,0.0,0.0,0.0245198401969711,0.0,1.0,0.0,7.236,3.14285714285714,0.0,0.0,0.0,0.0,0.0,0.00177425563665283,0.00177425563665283,0.0,0.0,0.0,12.8904289082551,3.42796196056253,5.37018999951861,1.18243252849362,2.90984441968033,9.43302130470632,2.6308943062848,4.36147354322072,1.02835438072887,1.41229907447192,9.53289442331782,2.7307674248963,4.36147354322072,1.02835438072887,1.41229907447192,28.0335879153594,8.88685046905017,6.00982811677479,1.78288956212948,11.354019767405,0.55,0.0,0.0,22.06590253405907,1.41229907447192,2.33508203582688,0.0
DK,76.7528897575035,76.5053096622519,0.0,0.0,0.0,0.0,63.520019317094,0.0,0.0,0.0,0.0,0.0,0.0,0.0,0.0,0.0,0.0,0.0,0.0,0.0,0.0,0.0,0.0,0.0,0.0,0.0,0.0,0.0,0.0,0.0,0.0,0.0,0.0,0.0,0.0,0.0,0.0,0.0,0.0,0.0,0.0,0.0,0.0,0.0,0.0,0.0,0.0,0.0,0.0,0.0,0.0,0.0,0.0,0.0,0.0,0.0,0.0,0.0,0.0,0.0,0.0,0.0,0.0,0.0,0.0,0.0,1.085,0.0,4.48547383166404,4.64831893130419,4.3364710846668,6.49805203669947,3.6098239908923,0.741033033033033,0.144844,0.7,2.03275487190557,1.83220004425758,0.047952,29.6072207192114,42.8916248574142,25.5526003098031,8.23423423423423,2.1479,7.90026063595574,0.0,0.0,0.0,0.0,12.9852903451579,0.0,0.0,0.0,0.0,0.0,8.871,1.16319287579446,0.0,0.0,0.0,0.0,0.247580095251644,19.3943952132418,0.0,0.0,29.068,0.0,0.0,0.0,0.124964072437505,5.07681157095683,5.70952938267288,0.0719665820877479,5.63756280058513,0.0,0.0,0.0,9.18841758418771,3.63640475337077,0.389625393273454,0.346541693743791,4.81584574379969,0.0719665820877479,0.0719665820877479,0.0,0.0,0.0,0.0,0.0,0.0,0.0,0.0,0.0,6.76784683089166,0.0,0.0,0.0,0.0,0.0,0.0,0.0,0.0,100.0,10.1177603896477,3.896500157898,0.0,2.3379000947388,3.5068501421082,5.844750236847,0.0,0.0,0.0,0.0,0.0,0.0,0.0,0.0,0.0,0.0,0.0,0.0,0.0,0.0,0.0,0.0,5.91613742811422,8.57063719617996,5.11530672432851,1.83495495495496,0.3159168,0.25,26.3072909235186,39.96208040212,23.8073300197456,7.31474474474475,1.67262,0.0,0.0,0.0,0.0,0.0,3.46223135252673,1.03025437951213,0.621490651896898,0.844260025508079,0.966226295609622,4.75441041730256,0.0,0.0,0.0,0.0,3.38186170285714,0.0,0.0,0.0,0.0,0.0,0.0,1.80644556553084,166.574097454545,1.0,0.0,7.236,3.14285714285714,0.0,0.0,0.0,3.49012394666667,1.74506197333333,5.36590032112181,0.130714401121812,0.0,5.23518591999998,0.0,6.80015092180373,2.4012572164074,1.27765491808265,1.13467383085581,1.98656495645787,3.59294575364854,1.16096878063394,0.621490651896898,0.844260025508079,0.966226295609622,3.66491233573629,1.23293536272169,0.621490651896898,0.844260025508079,0.966226295609622,15.9885685059914,6.03766196977817,1.66728031135611,1.4812155245996,6.80241070025756,0.55,0.0,0.0,11.36249198848247,0.966226295609622,1.16319287579446,0.0
PT,111.458135342643,109.750020220132,0.0,0.0,0.0,0.0,99.9172219715278,0.0,0.0,0.0,0.0,0.0,0.0,0.0,0.0,0.0,0.0,0.0,0.0,0.0,0.0,0.0,0.0,0.0,0.0,0.0,0.0,0.0,0.0,0.0,0.0,0.0,0.0,0.0,0.0,0.0,0.0,0.0,0.0,0.0,0.0,0.0,0.0,0.0,0.0,0.0,0.0,0.0,0.0,0.0,0.0,0.0,0.0,0.0,0.0,0.0,0.0,0.0,0.0,0.0,0.0,0.0,0.0,0.0,0.0,0.0,1.085,0.0,4.64014534310073,5.0678087869203,4.28608332957669,6.72212279658566,4.18234122593494,0.741033033033033,0.144844,0.7,2.03275487190557,1.83220004425758,0.047952,29.6072207192114,42.8916248574142,25.5526003098031,8.23423423423423,2.1479,12.6459182453544,0.0,0.0,0.0,0.0,9.83279824860466,0.0,0.0,0.0,0.0,0.0,8.871,0.895728589254891,0.0,0.0,0.0,0.0,1.70811512251067,22.2987283759518,0.0,0.0,29.068,0.0,0.0,0.0,0.862157443166282,5.91768941348046,6.97830926813306,0.496514903811402,6.48179436432167,0.0,0.0,0.0,14.4038042777755,6.3294382535192,0.568407139128488,0.513899647685938,6.99205923744192,0.496514903811402,0.496514903811402,0.0,0.0,0.0,0.0,0.0,0.0,0.0,0.0,0.0,10.8486099884638,0.0,0.0,0.0,0.0,0.0,0.0,0.0,0.0,100.0,10.1177603896477,3.35418737834233,0.0,2.0125124270054,3.01876864050809,5.03128106751349,0.0,0.0,0.0,0.0,0.0,0.0,0.0,0.0,0.0,0.0,0.0,0.0,0.0,0.0,0.0,0.0,5.58544036115438,8.09156032935722,4.85136671344122,1.83495495495496,0.3159168,0.25,27.5578609126138,41.8617582746152,24.9390593388053,7.31474474474475,1.67262,0.0,0.0,0.0,0.0,0.0,3.04795065732133,0.929023003949978,0.560423836902785,0.726756372858922,0.831747443609648,4.4616729964846,0.0,0.0,0.0,0.0,2.368037296,0.0,0.0,0.0,0.0,0.0,0.0,2.58757255739675,214.960805818182,1.0,0.0,7.236,3.14285714285714,0.0,0.0,0.0,4.50394069333333,2.25197034666667,6.94314779025323,0.187236750253229,0.0,6.75591104,0.0,8.52133084671842,2.99566872134843,1.22257908243479,1.72077859140022,2.58230445153497,3.23518740757456,1.11625975420321,0.560423836902785,0.726756372858922,0.831747443609648,3.73170231138596,1.61277465801461,0.560423836902785,0.726756372858922,0.831747443609648,22.925135124494,9.32510697486763,1.79098622156328,2.23467823908616,9.57436368897689,0.55,0.0,0.0,15.69386890267573,0.831747443609648,0.895728589254891,0.0
RO,171.07814137794,170.600329006736,0.0,0.0,0.0,0.0,140.529159299084,0.0,0.0,0.0,0.0,0.0,0.0,0.0,0.0,0.0,0.0,0.0,0.0,0.0,0.0,0.0,0.0,0.0,0.0,0.0,0.0,0.0,0.0,0.0,0.0,0.0,0.0,0.0,0.0,0.0,0.0,0.0,0.0,0.0,0.0,0.0,0.0,0.0,0.0,0.0,0.0,0.0,0.0,0.0,0.0,0.0,0.0,0.0,0.0,0.0,0.0,0.0,0.0,0.0,0.0,0.0,0.0,0.0,0.0,0.0,1.085,0.0,4.60302418035592,5.02726631662494,4.25179466294007,6.66834581421298,4.13215313122372,0.741033033033033,0.144844,0.7,2.03275487190557,1.83220004425758,0.047952,29.6072207192114,42.8916248574142,25.5526003098031,8.23423423423423,2.1479,12.3663130246195,0.0,0.0,0.0,0.0,30.0711697076515,0.0,0.0,0.0,0.0,0.0,8.871,2.72840582258547,0.0,0.0,0.0,0.0,0.477812371204548,14.0896073759,0.0,0.0,29.068,0.0,0.0,0.0,0.241171971866526,4.2858992255453,4.23445757208835,0.138890500061738,4.09556707202661,0.0,0.0,0.0,15.3358908190715,5.96761862706504,0.880023192447668,0.504740290855062,7.98350870870371,0.138890500061738,0.138890500061738,0.0,0.0,0.0,0.0,0.0,0.0,0.0,0.0,0.0,7.12745309126865,0.0,0.0,0.0,0.0,0.0,0.0,0.0,0.0,100.0,10.1177603896477,3.38173461682288,0.0,5.57986211775775,1.5217805775703,3.04356115514059,0.0,0.0,0.0,0.0,0.0,0.0,0.0,0.0,0.0,0.0,0.0,0.0,0.0,0.0,0.0,0.0,6.45977652514861,9.35820062298591,5.61298275270525,1.83495495495496,0.3159168,0.25,27.5578609126138,41.8617582746152,24.9390593388053,7.31474474474475,1.67262,0.0,0.0,0.0,0.0,0.0,3.35998527879144,0.936652875318815,1.55382282139514,0.366362535373362,0.50314704670413,16.5069523588868,0.0,0.0,0.0,0.0,3.62079884571429,0.0,0.0,0.0,0.0,0.0,0.0,13.1244070071202,7.72021822727273,1.0,0.0,7.236,3.14285714285714,0.0,0.0,0.0,0.161756953333333,0.0808784766666667,1.19231752103522,0.949682091035218,0.0,0.24263543,0.0,7.43176596832688,2.36649250783082,2.5646174604969,0.528145749605692,1.97251025039347,4.30966736982666,1.88633496635403,1.55382282139514,0.366362535373362,0.50314704670413,4.4485578698884,2.02522546641577,1.55382282139514,0.366362535373362,0.50314704670413,22.7676567873984,8.33411113489585,3.44464065294457,1.03288604046075,9.95601895909718,0.55,0.0,0.0,15.726298303410939,0.50314704670413,2.72840582258547,0.0
AT,118.032993353122,117.778977018835,0.0,0.0,0.0,0.0,92.0589646180621,0.0,0.0,0.0,0.0,0.0,0.0,0.0,0.0,0.0,0.0,0.0,0.0,0.0,0.0,0.0,0.0,0.0,0.0,0.0,0.0,0.0,0.0,0.0,0.0,0.0,0.0,0.0,0.0,0.0,0.0,0.0,0.0,0.0,0.0,0.0,0.0,0.0,0.0,0.0,0.0,0.0,0.0,0.0,0.0,0.0,0.0,0.0,0.0,0.0,0.0,0.0,0.0,0.0,0.0,0.0,0.0,0.0,0.0,0.0,1.085,0.0,4.4545395293767,4.73418161092733,4.21561357526659,6.45323788472223,3.97903430323822,0.741033033033033,0.144844,0.7,2.03275487190557,1.83220004425758,0.047952,29.6072207192114,42.8916248574142,25.5526003098031,8.23423423423423,2.1479,11.5792509104838,0.0,0.0,0.0,0.0,25.720012400773,0.0,0.0,0.0,0.0,0.0,8.871,2.28127746537723,0.0,0.0,0.0,0.0,0.25401633428691,17.7156925985004,0.0,0.0,29.068,0.0,0.0,0.0,0.128212712600644,4.78125360301404,5.22343499258261,0.073837468050519,5.1495975245321,0.0,0.0,0.0,13.9887410884616,4.95908924511283,0.59779016912824,0.559079871151986,7.87278180306859,0.0738374680505191,0.0738374680505191,0.0,0.0,0.0,0.0,0.0,0.0,0.0,0.0,0.0,6.52816810386535,0.0,0.0,0.0,0.0,0.0,0.0,0.0,0.0,100.0,10.1177603896477,10.1073560390052,0.0,11.3707755438809,6.82246532632853,12.1288272468063,0.0,0.0,0.0,0.0,0.0,0.0,0.0,0.0,0.0,0.0,0.0,0.0,0.0,0.0,0.0,0.0,6.87332338807716,9.95730099359862,5.98667075908239,1.83495495495496,0.3159168,0.25,28.059617814602,42.6239519082303,25.3931346820265,7.31474474474475,1.67262,0.0,0.0,0.0,0.0,0.0,9.72207719636143,2.85044692811023,3.22406925921227,1.64248100632308,2.00508000271585,26.0694579776103,0.0,0.0,0.0,0.0,3.70364353828571,0.0,0.0,0.0,0.0,0.0,0.0,1.94557219040871,3.29184004545455,1.0,0.0,7.236,3.14285714285714,0.0,0.0,0.0,0.0689718866666667,0.0344859433333333,0.244239433697974,0.140781603697974,0.0,0.10345783,0.0,12.7003791339849,3.60125236520036,3.61887937316734,1.84426209331862,3.63598530229852,9.86285880005941,2.9912285318082,3.22406925921227,1.64248100632308,2.00508000271585,9.93669626810993,3.06506599985872,3.22406925921227,1.64248100632308,2.00508000271585,26.6891202224465,8.56034161031318,4.21666954229558,2.40334196447061,11.5087671053671,0.55,0.0,0.0,21.301328106845233,2.00508000271585,2.28127746537723,0.0
BG,73.6123435003482,73.5674410411655,0.0,0.0,0.0,0.0,69.6630957343487,0.0,0.0,0.0,0.0,0.0,0.0,0.0,0.0,0.0,0.0,0.0,0.0,0.0,0.0,0.0,0.0,0.0,0.0,0.0,0.0,0.0,0.0,0.0,0.0,0.0,0.0,0.0,0.0,0.0,0.0,0.0,0.0,0.0,0.0,0.0,0.0,0.0,0.0,0.0,0.0,0.0,0.0,0.0,0.0,0.0,0.0,0.0,0.0,0.0,0.0,0.0,0.0,0.0,0.0,0.0,0.0,0.0,0.0,0.0,1.085,0.0,4.53806214555251,4.95631699360805,4.191789496326,6.57423609506078,4.04432396547909,0.741033033033033,0.144844,0.7,2.03275487190557,1.83220004425758,0.047952,29.6072207192114,42.8916248574142,25.5526003098031,8.23423423423423,2.1479,8.0571840162747,0.0,0.0,0.0,0.0,3.90434530681688,0.0,0.0,0.0,0.0,0.0,8.871,0.501627591362488,0.0,0.0,0.0,0.0,0.0449024591826743,6.36648358902361,0.0,0.0,29.068,0.0,0.0,0.0,0.0226641570527814,1.85909696659766,1.8636616964926,0.0130522468352198,1.85060944965738,0.0,0.0,0.0,8.58147576468997,3.71474351373771,0.37682252601516,0.296917859927077,4.19299186501002,0.0130522468352198,0.0130522468352198,0.0,0.0,0.0,0.0,0.0,0.0,0.0,0.0,0.0,2.42840045562888,0.0,0.0,0.0,0.0,0.0,0.0,0.0,0.0,100.0,10.1177603896477,1.6506394197694,0.0,0.990383651861639,1.48557547779246,2.4759591296541,0.0,0.0,0.0,0.0,0.0,0.0,0.0,0.0,0.0,0.0,0.0,0.0,0.0,0.0,0.0,0.0,5.72114953058012,8.28816057224808,4.88089830676437,1.83495495495496,0.3159168,0.25,27.5578609126138,41.8617582746152,24.9390593388053,7.31474474474475,1.67262,0.0,0.0,0.0,0.0,0.0,1.49993632942864,0.457184354724475,0.275791890143992,0.357646303648792,0.409313780911375,3.97625019412973,0.0,0.0,0.0,0.0,3.46142786742857,0.0,0.0,0.0,0.0,0.0,0.0,3.98788034799694,17.1206038181818,1.0,0.0,7.236,3.14285714285714,0.0,0.0,0.0,0.358717413333333,0.179358706666667,0.826639141981058,0.288563021981059,0.0,0.538076119999999,0.0,3.93402045755345,1.90517138557667,0.455762328831313,0.629263644412809,0.943823098732652,1.78849935140969,0.745747376705533,0.275791890143992,0.357646303648792,0.409313780911375,1.80155159824491,0.758799623540753,0.275791890143992,0.357646303648792,0.409313780911375,12.5154962222434,5.61991489931438,0.832584854846473,0.926181504339886,5.13681496374267,0.55,0.0,0.0,9.557120345703341,0.409313780911375,0.501627591362488,0.0
EE,17.1463598529473,17.1364477834912,0.0,0.0,0.0,0.0,16.3075432770702,0.0,0.0,0.0,0.0,0.0,0.0,0.0,0.0,0.0,0.0,0.0,0.0,0.0,0.0,0.0,0.0,0.0,0.0,0.0,0.0,0.0,0.0,0.0,0.0,0.0,0.0,0.0,0.0,0.0,0.0,0.0,0.0,0.0,0.0,0.0,0.0,0.0,0.0,0.0,0.0,0.0,0.0,0.0,0.0,0.0,0.0,0.0,0.0,0.0,0.0,0.0,0.0,0.0,0.0,0.0,0.0,0.0,0.0,0.0,1.085,0.0,4.64014534310073,5.1006394275577,4.26076131357046,6.72212279658566,4.18234122593494,0.741033033033033,0.144844,0.7,2.03275487190557,1.83220004425758,0.047952,29.6072207192114,42.8916248574142,25.5526003098031,8.23423423423423,2.1479,1.88524932417283,0.0,0.0,0.0,0.0,0.828904506420977,0.0,0.0,0.0,0.0,0.0,8.871,0.0755098849169253,0.0,0.0,0.0,0.0,0.00991206945609339,1.60548523729776,0.0,0.0,29.068,0.0,0.0,0.0,0.00500303776140749,0.456420743560745,0.469563689127209,0.00288124034949723,0.466682448777713,0.0,0.0,0.0,1.96576224685116,0.880584141274582,0.0887515030967817,0.0680225632403818,0.928404039239418,0.00288124034949723,0.00288124034949723,0.0,0.0,0.0,0.0,0.0,0.0,0.0,0.0,0.0,0.759218743534194,0.0,0.0,0.0,0.0,0.0,0.0,0.0,0.0,100.0,10.1177603896477,0.551878814596512,0.0,0.331127288757907,0.49669093313686,0.827818221894767,0.0,0.0,0.0,0.0,0.0,0.0,0.0,0.0,0.0,0.0,0.0,0.0,0.0,0.0,0.0,0.0,6.3297845934592,9.16988287369799,5.49974948588338,1.83495495495496,0.3159168,0.25,21.2457918478821,32.2734121312637,19.2268211699883,7.31474474474475,1.67262,0.0,0.0,0.0,0.0,0.0,0.445360746057934,0.117844763360109,0.071088675049352,0.119576338562236,0.136850969086237,2.94981691229285,0.0,0.0,0.0,0.0,3.46980007948052,0.0,0.0,0.0,0.0,0.0,0.0,0.163523458808052,41.4377103636364,1.0,0.0,7.236,3.14285714285714,0.0,0.0,0.0,0.868218693333334,0.434109346666667,1.31416059747935,0.0118325574793506,0.0,1.30232804,0.0,1.02926255210954,0.30347036217322,0.150179405028067,0.215578468326637,0.360034316581614,0.457193303537285,0.129677320839459,0.071088675049352,0.119576338562236,0.136850969086237,0.460074543886782,0.132558561188957,0.071088675049352,0.119576338562236,0.136850969086237,2.9950247989607,1.1840545034478,0.238930908124849,0.283601031567019,1.28843835582103,0.55,0.0,0.0,2.330610070230764,0.136850969086237,0.0755098849169253,0.0
GR,122.525087426613,120.315260303594,0.0,0.0,0.0,0.0,115.445907733667,0.0,0.0,0.0,0.0,0.0,0.0,0.0,0.0,0.0,0.0,0.0,0.0,0.0,0.0,0.0,0.0,0.0,0.0,0.0,0.0,0.0,0.0,0.0,0.0,0.0,0.0,0.0,0.0,0.0,0.0,0.0,0.0,0.0,0.0,0.0,0.0,0.0,0.0,0.0,0.0,0.0,0.0,0.0,0.0,0.0,0.0,0.0,0.0,0.0,0.0,0.0,0.0,0.0,0.0,0.0,0.0,0.0,0.0,0.0,1.085,0.0,4.57827673852605,5.189133770869,4.08324172552625,6.63249449263119,4.09869440141624,0.741033033033033,0.144844,0.7,2.03275487190557,1.83220004425758,0.047952,29.6072207192114,42.8916248574142,25.5526003098031,8.23423423423423,2.1479,13.1882838186618,0.0,0.0,0.0,0.0,4.86935256992688,0.0,0.0,0.0,0.0,0.0,8.871,0.440621351431992,0.0,0.0,0.0,0.0,2.20982712301892,18.6670321142892,0.0,0.0,29.068,0.0,0.0,0.0,1.11539256172682,5.04429228318179,6.06848544310072,0.64235254811914,5.42613289498159,0.0,0.0,0.0,14.7442977318206,7.18712286479377,0.618971480950298,0.474870595495259,6.46333279058132,0.64235254811914,0.64235254811914,0.0,0.0,0.0,0.0,0.0,0.0,0.0,0.0,0.0,9.08543548820068,0.0,0.0,0.0,0.0,0.0,0.0,0.0,0.0,100.0,10.1177603896477,3.84635092400378,0.0,4.32714478950426,2.59628687370255,4.61562110880454,0.0,0.0,0.0,0.0,0.0,0.0,0.0,0.0,0.0,0.0,0.0,0.0,0.0,0.0,0.0,0.0,5.89086121917462,8.53401985604064,5.11741246766389,1.83495495495496,0.3159168,0.25,27.5578609126138,41.8617582746152,24.9390593388053,7.31474474474475,1.67262,0.0,0.0,0.0,0.0,0.0,3.65839660156104,1.065339555189,1.2049789373854,0.625045591740253,0.763032517246387,3.3158064144939,0.0,0.0,0.0,0.0,4.87596815314286,0.0,0.0,0.0,0.0,0.0,0.0,7.17965820649444,568.449398045455,1.0,0.0,7.236,3.14285714285714,0.0,0.0,0.0,11.91036834,5.95518417,18.3850725778219,0.519520067821938,0.0,17.86555251,0.0,10.425362817712,4.30967749158317,2.41276188290791,1.28683893638611,2.41608450683481,4.17791666938297,1.58485962301094,1.2049789373854,0.625045591740253,0.763032517246387,4.82026921750211,2.22721217113008,1.2049789373854,0.625045591740253,0.763032517246387,25.1696605495326,11.4968003563769,3.03173336385821,1.76170953188137,8.87941729741613,0.55,0.0,0.0,16.84668042022284,0.763032517246387,0.440621351431992,0.0
LV,17.1848959436974,17.1848959436974,0.0,0.0,0.0,0.0,15.9315952138051,0.0,0.0,0.0,0.0,0.0,0.0,0.0,0.0,0.0,0.0,0.0,0.0,0.0,0.0,0.0,0.0,0.0,0.0,0.0,0.0,0.0,0.0,0.0,0.0,0.0,0.0,0.0,0.0,0.0,0.0,0.0,0.0,0.0,0.0,0.0,0.0,0.0,0.0,0.0,0.0,0.0,0.0,0.0,0.0,0.0,0.0,0.0,0.0,0.0,0.0,0.0,0.0,0.0,0.0,0.0,0.0,0.0,0.0,0.0,1.085,0.0,4.61539790127086,5.27008284891201,4.08636509205667,6.68627147500387,4.16003540606329,0.741033033033033,0.144844,0.7,2.03275487190557,1.83220004425758,0.047952,29.6072207192114,42.8916248574142,25.5526003098031,8.23423423423423,2.1479,1.89835084918894,0.0,0.0,0.0,0.0,1.25330072989234,0.0,0.0,0.0,0.0,0.0,8.871,0.124251270931663,0.0,0.0,0.0,0.0,0.0,2.38392860236534,0.0,0.0,29.068,0.0,0.0,0.0,0.0,0.658423602081435,0.692960366135557,0.0,0.692960366135557,0.0,0.0,0.0,2.0226021201206,0.865489842982348,0.0887650815304227,0.0720001777900614,0.996347017817769,0.0,0.0,0.0,0.0,0.0,0.0,0.0,0.0,0.0,0.0,0.0,0.660896696836407,0.0,0.0,0.0,0.0,0.0,0.0,0.0,0.0,100.0,10.1177603896477,1.01214542598545,0.0,0.607287255591272,0.910930883386907,1.51821813897818,0.0,0.0,0.0,0.0,0.0,0.0,0.0,0.0,0.0,0.0,0.0,0.0,0.0,0.0,0.0,0.0,6.29959356611468,9.12614549519825,5.47345071017861,1.83495495495496,0.3159168,0.25,21.8788318818668,33.2350313572571,19.7997039137342,7.31474474474475,1.67262,0.0,0.0,0.0,0.0,0.0,0.827115784613537,0.222566958824139,0.134261292241074,0.219302935591651,0.250984597956674,17.8271453344793,0.0,0.0,0.0,0.0,3.34768507948052,0.0,0.0,0.0,0.0,0.0,0.0,0.0862361182744676,66.0441482272727,1.0,0.0,7.236,3.14285714285714,0.0,0.0,0.0,1.38378215333333,0.691891076666667,2.08191327551834,0.00624004551834048,0.0,2.07567323,0.0,1.91431012649981,0.441338307645383,0.231322838199973,0.357153885730673,0.884495094923777,0.833355830131878,0.228807004342479,0.134261292241074,0.219302935591651,0.250984597956674,0.833355830131878,0.228807004342479,0.134261292241074,0.219302935591651,0.250984597956674,3.93691224662041,1.30682815062773,0.320087919730395,0.429154063520734,1.88084211274155,0.55,0.0,0.0,2.725466633802477,0.250984597956674,0.124251270931663,0.0
HU,103.71233424363,103.692705744653,0.0,0.0,0.0,0.0,84.6881014516682,0.0,0.0,0.0,0.0,0.0,0.0,0.0,0.0,0.0,0.0,0.0,0.0,0.0,0.0,0.0,0.0,0.0,0.0,0.0,0.0,0.0,0.0,0.0,0.0,0.0,0.0,0.0,0.0,0.0,0.0,0.0,0.0,0.0,0.0,0.0,0.0,0.0,0.0,0.0,0.0,0.0,0.0,0.0,0.0,0.0,0.0,0.0,0.0,0.0,0.0,0.0,0.0,0.0,0.0,0.0,0.0,0.0,0.0,0.0,1.085,0.0,4.48547383166404,4.89888182735629,4.14321388525746,6.49805203669947,3.97322416463819,0.741033033033033,0.144844,0.7,2.03275487190557,1.83220004425758,0.047952,29.6072207192114,42.8916248574142,25.5526003098031,8.23423423423423,2.1479,10.4514973412984,0.0,0.0,0.0,0.0,19.0046042929852,0.0,0.0,0.0,0.0,0.0,8.871,1.73768774243663,0.0,0.0,0.0,0.0,0.0196284989765123,8.85103777938751,0.0,0.0,29.068,0.0,0.0,0.0,0.00990732783040276,2.64124900120934,2.57852527379485,0.00570561208249259,2.57281966171236,0.0,0.0,0.0,12.1990924115654,4.60177860255672,0.528085062771575,0.466955419126818,6.60227332711032,0.00570561208249259,0.00570561208249259,0.0,0.0,0.0,0.0,0.0,0.0,0.0,0.0,0.0,5.40116297194602,0.0,0.0,0.0,0.0,0.0,0.0,0.0,0.0,100.0,10.1177603896477,5.48717730898221,0.0,9.05384255982065,2.46922978904199,4.93845957808399,0.0,0.0,0.0,0.0,0.0,0.0,0.0,0.0,0.0,0.0,0.0,0.0,0.0,0.0,0.0,0.0,6.71474526770606,9.727570776296,5.65708529639557,1.83495495495496,0.3159168,0.25,27.5578609126138,41.8617582746152,24.9390593388053,7.31474474474475,1.67262,0.0,0.0,0.0,0.0,0.0,5.45188699568033,1.51980595351121,2.52122129433927,0.594457111140959,0.816402636688897,14.4408897363989,0.0,0.0,0.0,0.0,3.23463241714286,0.0,0.0,0.0,0.0,0.0,0.0,2.06648074447392,0.0,1.0,0.0,7.236,3.14285714285714,0.0,0.0,0.0,0.0,0.0,0.149530546670133,0.149530546670133,0.0,0.0,0.0,8.01537921706947,2.23324954065661,3.18444515831432,0.69193185182909,1.90575266626945,5.60141754235047,1.66933650018134,2.52122129433927,0.594457111140959,0.816402636688897,5.60712315443296,1.67504211226383,2.52122129433927,0.594457111140959,0.816402636688897,20.2144716286349,6.83502814321333,3.7125302210859,1.15888727095591,8.50802599337977,0.55,0.0,0.0,15.903384336978728,0.816402636688897,1.73768774243663,0.0
IE,75.3308554400237,75.2770510304227,0.0,0.0,0.0,0.0,70.7518942443911,0.0,0.0,0.0,0.0,0.0,0.0,0.0,0.0,0.0,0.0,0.0,0.0,0.0,0.0,0.0,0.0,0.0,0.0,0.0,0.0,0.0,0.0,0.0,0.0,0.0,0.0,0.0,0.0,0.0,0.0,0.0,0.0,0.0,0.0,0.0,0.0,0.0,0.0,0.0,0.0,0.0,0.0,0.0,0.0,0.0,0.0,0.0,0.0,0.0,0.0,0.0,0.0,0.0,0.0,0.0,0.0,0.0,0.0,0.0,1.085,0.0,4.63024636636878,5.07145920151757,4.26578545833002,6.70778226795294,4.16895773401195,0.741033033033033,0.144844,0.7,2.03275487190557,1.83220004425758,0.047952,29.6072207192114,42.8916248574142,25.5526003098031,8.23423423423423,2.1479,8.4472513502075,0.0,0.0,0.0,0.0,4.52515678603164,0.0,0.0,0.0,0.0,0.0,8.871,0.411783977318919,0.0,0.0,0.0,0.0,0.0538044096009602,32.6923224931839,0.0,0.0,29.068,0.0,0.0,0.0,0.0271573453108079,9.27345635599337,9.51864416810149,0.0156398657828071,9.5030043023187,0.0,0.0,0.0,8.88619267283723,3.81496759356963,0.38945207103441,0.319373975163817,4.36239903306936,0.0156398657828071,0.0156398657828071,0.0,0.0,0.0,0.0,0.0,0.0,0.0,0.0,0.0,5.97829261379816,0.0,0.0,0.0,0.0,0.0,0.0,0.0,0.0,100.0,10.1177603896477,2.37800643412277,0.0,3.92371061630257,1.07010289535525,2.1402057907105,0.0,0.0,0.0,0.0,0.0,0.0,0.0,0.0,0.0,0.0,0.0,0.0,0.0,0.0,0.0,0.0,6.39046755539754,9.25779355141341,5.49352860982076,1.83495495495496,0.3159168,0.25,27.5578609126138,41.8617582746152,24.9390593388053,7.31474474474475,1.67262,0.0,0.0,0.0,0.0,0.0,2.36271248837098,0.658646173170246,1.09263472313385,0.257622955392605,0.353808636674272,1.20515126817006,0.0,0.0,0.0,0.0,4.03041650805195,0.0,0.0,0.0,0.0,0.0,0.0,2.56086954401165,32.0794425,1.0,0.0,7.236,3.14285714285714,0.0,0.0,0.0,0.6721407,0.33607035,1.19351557020468,0.185304520204683,0.0,1.00821105,0.0,6.25776353761907,2.2276198927215,2.25047749957876,0.448596272464026,1.33106987285479,2.54801700857566,0.843950693374929,1.09263472313385,0.257622955392605,0.353808636674272,2.56365687435847,0.859590559157736,1.09263472313385,0.257622955392605,0.353808636674272,15.1439562104563,6.04258748629113,2.63992957061317,0.767970247627843,5.69346890592415,0.55,0.0,0.0,10.80996383857848,0.353808636674272,0.411783977318919,0.0
SK,54.5125328570525,54.5125328570525,0.0,0.0,0.0,0.0,44.7407019719356,0.0,0.0,0.0,0.0,0.0,0.0,0.0,0.0,0.0,0.0,0.0,0.0,0.0,0.0,0.0,0.0,0.0,0.0,0.0,0.0,0.0,0.0,0.0,0.0,0.0,0.0,0.0,0.0,0.0,0.0,0.0,0.0,0.0,0.0,0.0,0.0,0.0,0.0,0.0,0.0,0.0,0.0,0.0,0.0,0.0,0.0,0.0,0.0,0.0,0.0,0.0,0.0,0.0,0.0,0.0,0.0,0.0,0.0,0.0,1.085,0.0,4.52259499440884,4.93942429765165,4.17750255189408,6.55182901907216,4.07638858154459,0.741033033033033,0.144844,0.7,2.03275487190557,1.83220004425758,0.047952,29.6072207192114,42.8916248574142,25.5526003098031,8.23423423423423,2.1479,5.36482981325464,0.0,0.0,0.0,0.0,9.77183088511688,0.0,0.0,0.0,0.0,0.0,8.871,0.850989245343554,0.0,0.0,0.0,0.0,0.0,4.13716427924618,0.0,0.0,29.068,0.0,0.0,0.0,0.0,1.28189796321378,1.20259091269128,0.0,1.20259091269128,0.0,0.0,0.0,6.21581905859819,2.44515195607236,0.278750128311192,0.230104407847313,3.26181256636733,0.0,0.0,0.0,0.0,0.0,0.0,0.0,0.0,0.0,0.0,0.0,2.66816416564689,0.0,0.0,0.0,0.0,0.0,0.0,0.0,0.0,100.0,10.1177603896477,3.38520342927487,0.0,5.58558565830354,1.52334154317369,3.04668308634739,0.0,0.0,0.0,0.0,0.0,0.0,0.0,0.0,0.0,0.0,0.0,0.0,0.0,0.0,0.0,0.0,7.31174525027962,10.5924374767294,6.27745227475633,1.83495495495496,0.3159168,0.25,27.5578609126138,41.8617582746152,24.9390593388053,7.31474474474475,1.67262,0.0,0.0,0.0,0.0,0.0,3.36343178187173,0.937613646498475,1.55541665431279,0.366738331545636,0.503663149514833,10.9028246338158,0.0,0.0,0.0,0.0,2.446735584,0.0,0.0,0.0,0.0,0.0,0.0,0.738934453410642,0.0,1.0,0.0,7.236,3.14285714285714,0.0,0.0,0.0,0.0,0.0,0.053469297048794,0.0534692970487941,0.0,0.0,0.0,5.00888597227528,1.30603892642181,2.09783318485219,0.44817011160741,1.15684374939387,3.41690107892052,0.991082943547269,1.55541665431279,0.366738331545636,0.503663149514833,3.41690107892052,0.991082943547269,1.55541665431279,0.366738331545636,0.503663149514833,11.2247050308735,3.75119088249417,2.37658331316338,0.678274519454723,4.4186563157612,0.55,0.0,0.0,8.72826159512637,0.503663149514833,0.850989245343554,0.0
LT,29.2352118449799,29.2307966991391,0.0,0.0,0.0,0.0,28.5741993078049,0.0,0.0,0.0,0.0,0.0,0.0,0.0,0.0,0.0,0.0,0.0,0.0,0.0,0.0,0.0,0.0,0.0,0.0,0.0,0.0,0.0,0.0,0.0,0.0,0.0,0.0,0.0,0.0,0.0,0.0,0.0,0.0,0.0,0.0,0.0,0.0,0.0,0.0,0.0,0.0,0.0,0.0,0.0,0.0,0.0,0.0,0.0,0.0,0.0,0.0,0.0,0.0,0.0,0.0,0.0,0.0,0.0,0.0,0.0,1.085,0.0,4.61539790127086,5.04078047339006,4.26322421848561,6.68627147500387,4.14888249612746,0.741033033033033,0.144844,0.7,2.03275487190557,1.83220004425758,0.047952,29.6072207192114,42.8916248574142,25.5526003098031,8.23423423423423,2.1479,3.4553411801954,0.0,0.0,0.0,0.0,0.656597391334248,0.0,0.0,0.0,0.0,0.0,8.871,0.0596538935717553,0.0,0.0,0.0,0.0,0.00441514584075923,2.61746657442073,0.0,0.0,29.068,0.0,0.0,0.0,0.0022285095419565,0.757286307108308,0.76212857844561,0.00128339459299189,0.760845183852618,0.0,0.0,0.0,3.51722358330912,1.50231231118744,0.150985729602273,0.129011110275994,1.73491443224341,0.00128339459299189,0.00128339459299189,0.0,0.0,0.0,0.0,0.0,0.0,0.0,0.0,0.0,0.692956232477607,0.0,0.0,0.0,0.0,0.0,0.0,0.0,0.0,100.0,10.1177603896477,1.85038956254808,0.0,1.11023373752885,1.66535060629327,2.77558434382211,0.0,0.0,0.0,0.0,0.0,0.0,0.0,0.0,0.0,0.0,0.0,0.0,0.0,0.0,0.0,0.0,6.5217634185005,9.44800029047042,5.43449435827212,1.83495495495496,0.3159168,0.25,27.5578609126138,41.8617582746152,24.9390593388053,7.31474474474475,1.67262,0.0,0.0,0.0,0.0,0.0,1.68144931910639,0.51250996917342,0.309166513804174,0.400926440644486,0.458846395484308,16.9868504668375,0.0,0.0,0.0,0.0,3.33024007948052,0.0,0.0,0.0,0.0,0.0,0.0,0.15685834576358,43.8984143181818,1.0,0.0,7.236,3.14285714285714,0.0,0.0,0.0,0.9197763,0.45988815,1.39101471989945,0.0113502698994526,0.0,1.37966445,0.0,2.8560758692768,0.652838634008802,0.445724967456791,0.607745261051449,1.14976700675976,1.69279958900584,0.523860239072872,0.309166513804174,0.400926440644486,0.458846395484308,1.69408298359883,0.525143633665864,0.309166513804174,0.400926440644486,0.458846395484308,6.37329945258591,2.15515094519624,0.596710697059064,0.736756371327443,2.88468143900317,0.55,0.0,0.0,5.1367904993017905,0.458846395484308,0.0596538935717553,0.0
HR,37.9886872608415,37.915036635483,0.0,0.0,0.0,0.0,34.8122894745619,0.0,0.0,0.0,0.0,0.0,0.0,0.0,0.0,0.0,0.0,0.0,0.0,0.0,0.0,0.0,0.0,0.0,0.0,0.0,0.0,0.0,0.0,0.0,0.0,0.0,0.0,0.0,0.0,0.0,0.0,0.0,0.0,0.0,0.0,0.0,0.0,0.0,0.0,0.0,0.0,0.0,0.0,0.0,0.0,0.0,0.0,0.0,0.0,0.0,0.0,0.0,0.0,0.0,0.0,0.0,0.0,0.0,0.0,0.0,1.085,0.0,4.57827673852605,5.23350997013563,4.04901471056983,6.63249449263119,4.12657667625581,0.741033033033033,0.144844,0.7,2.03275487190557,1.83220004425758,0.047952,29.6072207192114,42.8916248574142,25.5526003098031,8.23423423423423,2.1479,4.46279176368859,0.0,0.0,0.0,0.0,3.10274716092106,0.0,0.0,0.0,0.0,0.0,8.871,0.519076327437625,0.0,0.0,0.0,0.0,0.0736506253585354,4.01399624536356,0.0,0.0,29.068,0.0,0.0,0.0,0.0371745639447179,1.1626176622805,1.1881971923815,0.0214087637792191,1.16678842860228,0.0,0.0,0.0,5.01904265507093,1.94300866449566,0.19505693888981,0.18282093403606,2.6981561176494,0.0214087637792191,0.0214087637792191,0.0,0.0,0.0,0.0,0.0,0.0,0.0,0.0,0.0,1.29981125404415,0.0,0.0,0.0,0.0,0.0,0.0,0.0,0.0,100.0,10.1177603896477,2.00007168894666,0.0,2.25008065006499,1.35004839003899,2.40008602673599,0.0,0.0,0.0,0.0,0.0,0.0,0.0,0.0,0.0,0.0,0.0,0.0,0.0,0.0,0.0,0.0,5.87491313496272,8.51091605809559,4.97054748116434,1.83495495495496,0.3159168,0.25,34.5004998395063,52.407971330378,31.2219448180052,7.31474474474475,1.67262,0.0,0.0,0.0,0.0,0.0,2.19975170708375,0.693528947838954,0.784433254676945,0.325018703971838,0.396770800596015,3.71270654920953,0.0,0.0,0.0,0.0,4.09430598857143,0.0,0.0,0.0,0.0,0.0,0.0,0.989740767128497,5.62238663636364,1.0,0.0,7.236,3.14285714285714,0.0,0.0,0.0,0.117802386666667,0.0589011933333333,0.248321221909418,0.0716176419094181,0.0,0.17670358,0.0,2.78401700594116,0.948511603258368,0.764699497095559,0.384987315584021,0.685818590003209,2.27136934899317,0.765146589748372,0.784433254676945,0.325018703971838,0.396770800596015,2.29277811277239,0.786555353527591,0.784433254676945,0.325018703971838,0.396770800596015,7.80305966101209,2.89152026775403,0.959756435985369,0.567808249620081,3.38397470765261,0.55,0.0,0.0,6.66254347077234,0.396770800596015,0.519076327437625,0.0
LU,10.1377124266624,10.135819267677,0.0,0.0,0.0,0.0,9.2863599250022,0.0,0.0,0.0,0.0,0.0,0.0,0.0,0.0,0.0,0.0,0.0,0.0,0.0,0.0,0.0,0.0,0.0,0.0,0.0,0.0,0.0,0.0,0.0,0.0,0.0,0.0,0.0,0.0,0.0,0.0,0.0,0.0,0.0,0.0,0.0,0.0,0.0,0.0,0.0,0.0,0.0,0.0,0.0,0.0,0.0,0.0,0.0,0.0,0.0,0.0,0.0,0.0,0.0,0.0,0.0,0.0,0.0,0.0,0.0,1.085,0.0,4.57827673852605,5.23020442182202,4.05156425409629,6.63249449263119,4.09869440141624,0.741033033033033,0.144844,0.7,2.03275487190557,1.83220004425758,0.047952,29.6072207192114,42.8916248574142,25.5526003098031,8.23423423423423,2.1479,1.13327627793349,0.0,0.0,0.0,0.0,0.849459342674779,0.0,0.0,0.0,0.0,0.0,8.871,0.139400334380683,0.0,0.0,0.0,0.0,0.00189315898541418,10.4746424109887,0.0,0.0,29.068,0.0,0.0,0.0,0.000955556852615925,2.68566193812653,3.04531935948008,0.000550303453880194,3.0447690560262,0.0,0.0,0.0,1.27363216916679,0.498171319129031,0.052144533012087,0.0449866716247845,0.678329645400891,0.000550303453880194,0.000550303453880194,0.0,0.0,0.0,0.0,0.0,0.0,0.0,0.0,0.0,0.750427547424512,0.0,0.0,0.0,0.0,0.0,0.0,0.0,0.0,100.0,10.1177603896477,0.508772266080026,0.0,0.839474239032043,0.228947519736012,0.457895039472023,0.0,0.0,0.0,0.0,0.0,0.0,0.0,0.0,0.0,0.0,0.0,0.0,0.0,0.0,0.0,0.0,6.54683902260725,9.48432701679911,5.69265853914105,1.83495495495496,0.3159168,0.25,27.5578609126138,41.8617582746152,24.9390593388053,7.31474474474475,1.67262,0.0,0.0,0.0,0.0,0.0,0.505500140603075,0.140916736498394,0.23376818334455,0.055118191830158,0.0756970289299731,0.274223765660394,0.0,0.0,0.0,0.0,4.16687043885714,0.0,0.0,0.0,0.0,0.0,0.0,0.20112895726403,0.0,1.0,0.0,7.236,3.14285714285714,0.0,0.0,0.0,0.0,0.0,0.0145536913476252,0.0145536913476252,0.0,0.0,0.0,0.958349177141171,0.293166492265089,0.382674870649561,0.0795331704951204,0.202974643731401,0.5200538319507,0.155470427846019,0.23376818334455,0.055118191830158,0.0756970289299731,0.52060413540458,0.156020731299899,0.23376818334455,0.055118191830158,0.0756970289299731,2.23198134630797,0.79133781139412,0.434819403661648,0.124519842119905,0.881304289132292,0.55,0.0,0.0,1.638776418536565,0.0756970289299731,0.139400334380683,0.0
SI,27.757783425451,27.7536225157292,0.0,0.0,0.0,0.0,26.7606802797828,0.0,0.0,0.0,0.0,0.0,0.0,0.0,0.0,0.0,0.0,0.0,0.0,0.0,0.0,0.0,0.0,0.0,0.0,0.0,0.0,0.0,0.0,0.0,0.0,0.0,0.0,0.0,0.0,0.0,0.0,0.0,0.0,0.0,0.0,0.0,0.0,0.0,0.0,0.0,0.0,0.0,0.0,0.0,0.0,0.0,0.0,0.0,0.0,0.0,0.0,0.0,0.0,0.0,0.0,0.0,0.0,0.0,0.0,0.0,1.085,0.0,4.4545395293767,4.91376935833571,4.07709895215513,6.45323788472223,3.93140075237884,0.741033033033033,0.144844,0.7,2.03275487190557,1.83220004425758,0.047952,29.6072207192114,42.8916248574142,25.5526003098031,8.23423423423423,2.1479,3.27034380110907,0.0,0.0,0.0,0.0,0.992942235946455,0.0,0.0,0.0,0.0,0.0,8.871,0.213907344715165,0.0,0.0,0.0,0.0,0.00416090972182024,1.76928369134478,0.0,0.0,29.068,0.0,0.0,0.0,0.00210018589481099,0.538200792796365,0.51550487663804,0.00120949323793871,0.514295383400101,0.0,0.0,0.0,3.48635133171905,1.37189622449249,0.140864211233096,0.127987733284063,1.8456031627094,0.00120949323793871,0.00120949323793871,0.0,0.0,0.0,0.0,0.0,0.0,0.0,0.0,0.0,1.31602435323548,0.0,0.0,0.0,0.0,0.0,0.0,0.0,0.0,100.0,10.1177603896477,2.15410818698819,0.0,2.42337171036172,1.45402302621703,2.58492982438583,0.0,0.0,0.0,0.0,0.0,0.0,0.0,0.0,0.0,0.0,0.0,0.0,0.0,0.0,0.0,0.0,6.64814446319853,9.63108699116701,5.7610515836097,1.83495495495496,0.3159168,0.25,26.316482562885,39.9760429584491,23.8156481849438,7.31474474474475,1.67262,0.0,0.0,0.0,0.0,0.0,1.99157149238406,0.569756116781543,0.644436899788684,0.350050178210737,0.427328297603101,5.72246571998394,0.0,0.0,0.0,0.0,3.064674296,0.0,0.0,0.0,0.0,0.0,0.0,0.0,42.9892730909091,1.0,0.0,7.236,3.14285714285714,0.0,0.0,0.0,0.900727626666667,0.450363813333333,1.35109144,0.0,0.0,1.35109144,0.0,2.8036969467114,0.703491798138373,0.85073493132739,0.456026435572351,0.79344378167329,1.99157149238406,0.569756116781543,0.644436899788684,0.350050178210737,0.427328297603101,1.992780985622,0.570965610019482,0.644436899788684,0.350050178210737,0.427328297603101,6.29004827843045,2.07538802263086,0.991599142560486,0.584014168856413,2.63904694438269,0.55,0.0,0.0,5.26191529349313,0.427328297603101,0.213907344715165,0.0
CH,125.250508534096,124.986420517169,0.0,0.0,0.0,0.0,96.2491032295702,0.0,0.0,0.0,0.0,0.0,0.0,0.0,0.0,0.0,0.0,0.0,0.0,0.0,0.0,0.0,0.0,0.0,0.0,0.0,0.0,0.0,0.0,0.0,0.0,0.0,0.0,0.0,0.0,0.0,0.0,0.0,0.0,0.0,0.0,0.0,0.0,0.0,0.0,0.0,0.0,0.0,0.0,0.0,0.0,0.0,0.0,0.0,0.0,0.0,0.0,0.0,0.0,0.0,0.0,0.0,0.0,0.0,0.0,0.0,1.085,0.0,4.55847878506215,4.91163547043013,4.26230932127803,6.60381343536575,4.07192741757026,0.741033033033033,0.144844,0.7,2.03275487190557,1.83220004425758,0.047952,29.6072207192114,42.8916248574142,25.5526003098031,8.23423423423423,2.1479,11.9126924841998,0.0,0.0,0.0,0.0,28.7373172875983,0.0,0.0,0.0,0.0,0.0,8.871,2.94087563425184,0.0,0.0,0.0,0.0,0.264088016927013,37.2966495153678,0.0,0.0,29.068,0.0,0.0,0.0,0.133296313839774,9.71631370298282,10.9181551858875,0.0767651047603441,10.8413900811271,0.0,0.0,0.0,14.9868644322914,5.35612578192893,0.641621693063296,0.560051726088325,8.42906523121082,0.0767651047603441,0.0767651047603441,0.0,0.0,0.0,0.0,0.0,0.0,0.0,0.0,0.0,1.63880970937913,0.0,0.0,0.0,0.0,0.0,0.0,0.0,0.0,100.0,10.1177603896477,4.7716401564355,0.0,5.36809517598993,3.22085710559396,5.7259681877226,0.0,0.0,0.0,0.0,0.0,0.0,0.0,0.0,0.0,0.0,0.0,0.0,0.0,0.0,0.0,0.0,6.43700787661968,9.32521595547946,5.59314945674185,1.83495495495496,0.3159168,0.25,27.5578609126138,41.8617582746152,24.9390593388053,7.31474474474475,1.67262,0.0,0.0,0.0,0.0,0.0,4.53847100201786,1.32162070029936,1.49485213359109,0.775408355628199,0.946589812499214,13.5630050841639,0.0,0.0,0.0,0.0,3.58746806794805,0.0,0.0,0.0,0.0,0.0,0.0,0.305873039603412,0.677183181818182,1.0,0.0,7.236,3.14285714285714,0.0,0.0,0.0,0.0141886,0.0070943,0.0434158731457029,0.0221329731457029,0.0,0.0212829,0.0,5.89464939782278,1.44247244571806,1.80243471896616,0.969563379684316,1.68017885345424,4.56060397516357,1.34375367344506,1.49485213359109,0.775408355628199,0.946589812499214,4.63736907992391,1.4205187782054,1.49485213359109,0.775408355628199,0.946589812499214,20.8815138301142,6.79859822764699,2.44405641202946,1.52961510577264,10.1092440846651,0.55,0.0,0.0,16.45116348621766,0.946589812499214,2.94087563425184,0.0
NO,83.0131800752945,79.6672690778831,0.0,0.0,0.0,0.0,71.2545687378904,0.0,0.0,0.0,0.0,0.0,0.0,0.0,0.0,0.0,0.0,0.0,0.0,0.0,0.0,0.0,0.0,0.0,0.0,0.0,0.0,0.0,0.0,0.0,0.0,0.0,0.0,0.0,0.0,0.0,0.0,0.0,0.0,0.0,0.0,0.0,0.0,0.0,0.0,0.0,0.0,0.0,0.0,0.0,0.0,0.0,0.0,0.0,0.0,0.0,0.0,0.0,0.0,0.0,0.0,0.0,0.0,0.0,0.0,0.0,1.085,0.0,4.64014534310073,5.04014196561188,4.30742253217559,6.72212279658566,4.18234122593494,0.741033033033033,0.144844,0.7,2.03275487190557,1.83220004425758,0.047952,29.6072207192114,42.8916248574142,25.5526003098031,8.23423423423423,2.1479,8.39510347443957,0.0,0.0,0.0,0.0,8.41270033999275,0.0,0.0,0.0,0.0,0.0,8.871,0.827880209617725,0.0,0.0,0.0,0.0,3.34591099741136,15.1950947967241,0.0,0.0,29.068,0.0,0.0,0.0,1.6888218086554,4.00760942186411,5.3894995642393,0.972589408727534,4.41691015551176,0.0,0.0,0.0,10.9118054927127,5.60013124219643,0.412605340827374,0.322601929051405,4.57646698063749,0.972589408727533,0.972589408727533,0.0,0.0,0.0,0.0,0.0,0.0,0.0,0.0,0.0,7.15088445993031,0.0,0.0,0.0,0.0,0.0,0.0,0.0,0.0,100.0,10.1177603896477,3.99053557115222,0.0,2.39432134269133,3.59148201403699,5.98580335672832,0.0,0.0,0.0,0.0,0.0,0.0,0.0,0.0,0.0,0.0,0.0,0.0,0.0,0.0,0.0,0.0,6.43700787661968,9.32521595547946,5.39271284379255,1.83495495495496,0.3159168,0.25,30.3990265428382,46.1776298586885,27.5102312620625,7.31474474474475,1.67262,0.0,0.0,0.0,0.0,0.0,3.80889253628441,1.21922681747485,0.735486385373528,0.864634807280318,0.989544526155711,6.54425232631036,0.0,0.0,0.0,0.0,3.58746806794805,0.0,0.0,0.0,0.0,0.0,0.0,23.7959336003353,41.513794,1.0,0.0,7.236,3.14285714285714,0.0,0.0,0.0,0.869812826666667,0.434906413333333,3.02659299532026,1.72187375532026,0.0,1.30471924,0.0,13.8911821982619,9.13019279208153,1.11101431908205,1.45524231633763,2.19473277076067,5.53076629160467,2.94110057279511,0.735486385373528,0.864634807280318,0.989544526155711,6.5033557003322,3.91368998152265,0.735486385373528,0.864634807280318,0.989544526155711,24.8029876909746,14.730324034278,1.52361965990942,1.77784424538903,6.77119975139816,0.590897276336791,0.0,0.0,12.20399601072398,0.989544526155711,0.827880209617725,0.0
