,Number of households,Non-household population rate,Total floor area,Average area of dwellings,Per capita residential floor area,Average household size,Total stock of dwellings,Stock of dwellings permanently occupied,Additional FEC related to heat uses for secondary or vacant dwellings (as a share of total residential FEC),Total number of existing occupied dwellings,Total m2 of existing occupied dwellings,Average area of existing occupied dwellings,Total number of new dwellings,Total m2 of new dwellings,Average area of new dwellings,Existing building destructions,Unit consumption per m2 for space heating with climatic corrections,Heating needs of the average housing stock,Heating needs of existing dwellings,Heating needs of renovated dwellings,Heating needs of new-build dwellings,Renovation pace of dwellings,Heating needs of unrenovated recently built buildings,Heating needs of unrenovated existing buildings not recently built,Average renovation pace,Stock of dwellings permanently occupied with coal/lignite/peat space heating,Stock of dwellings permanently occupied with solid biomass space heating,Stock of dwellings permanently occupied with oil space heating,Stock of dwellings permanently occupied with gas space heating (gas grid / gas consumed locally),Stock of dwellings permanently occupied with electric space heating,Stock of dwellings permanently occupied with heating network space heating,Stock of dwellings permanently occupied with ambient heat space heating (heat pump),Stock of dwellings permanently occupied with thermal solar space heating,Performance of domestic heating systems using solid fossil fuels (coal...),Performance of domestic heating systems using solid biomass,Performance of domestic oil-fired heating systems,Performance of domestic heating systems using gas grid / gas consumed locally,Performance of domestic electric heating systems,Performance of domestic heating systems using heating network,Performance of domestic heating systems using ambient heat (heat pumps…),Useful contribution of domestic thermal solar heating systems per solar-heated square metre,TOTAL FEC for space heating in the residential sector (secondary and vacant dwellings not or partially included),FEC from solid fossil fuels (coal ...) for space heating in the residential sector (secondary and vacant dwellings not or partially included),FEC from solid biomass for space heating in the residential sector (secondary and vacant dwellings not or partially included),FEC from oil for space heating in the residential sector (secondary and vacant dwellings not or partially included),FEC from gas grid / gas consumed locally for space heating in the residential sector (secondary and vacant dwellings not or partially included),Final electricity consumption for space heating in the residential sector (secondary and vacant dwellings not or partially included),FEC from heating networks for space heating in the residential sector (secondary and vacant dwellings not or partially included),Final energy consumption from ambient heat (heat pumps…) for space heating in the residential sector (secondary and vacant dwellings not or partially included),FEC from thermal solar for space heating in the residential sector (secondary and vacant dwellings not or partially included),Residential heating energy consumption per person,Total final energy consumption for space heating in the residential sector,Total final energy consumption for space heating in the residential sector (with climatic corrections) ,Final energy consumption from solid fossil fuels (coal ...) for space heating in the residential sector,Final energy consumption from solid biomass for space heating in the residential sector,Final oil consumption for space heating in the residential sector,Final energy consumption from gas grid / gas consumed locally for space heating in the residential sector,Final electricity consumption for space heating in the residential sector,Final energy consumption from heating networks for space heating in the residential sector,Final energy consumption from ambient heat (heat pumps…) for space heating in the residential sector,Final energy consumption from thermal solar for space heating in the residential sector,Rate of equipment ownership for air conditioning,Ownership rate of air-conditioning equipment in existing dwellings,Ownership rate of air-conditioning equipment in renovated dwellings,Ownership rate of air-conditioning equipment in new-build dwellings,Unit needs per equipped dwelling for cooling,Cooling needs per equipped dwellings,Cooling needs per equipped existing dwellings,Cooling needs per equipped renovated dwellings,Cooling needs per equipped new-build dwellings,Performance of domestic cooling systems,TOTAL FEC for cooling in the residential sector (secondary and vacant dwellings not or partially included),Residential cooling energy consumption per person,Total final energy consumption for cooling in the residential sector,Final electricity consumption for cooling in the residential sector,Final energy consumption from cooling network for cooling in the residential sector,Final energy consumption from thermal solar for cooling in the residential sector,Average domestic hot water needs (in useful energy) per person,Average domestic hot water needs (in volume) per person,Stock of dwellings permanently occupied with water heaters using solid fossil fuels (coal...),Stock of dwellings permanently occupied with water heaters using solid biomass,Stock of dwellings permanently occupied with oil-fired water heaters,Stock of dwellings permanently occupied with water heaters using gas grid / gas consumed locally,Stock of dwellings permanently occupied with electric water heaters,Stock of dwellings permanently occupied with water heaters using heating network,Stock of dwellings permanently occupied with thermodynamic water heaters,Stock of dwellings permanently occupied with thermal solar water heaters,Performance of domestic water heaters using solid fossil fuels (coal...),Performance of domestic water heaters using solid biomass,Performance of domestic oil-fired water heaters,Performance of domestic water heaters using gas grid / gas consumed locally,Performance of domestic electric water heaters,Performance of domestic water heaters using heating network,Performance of domestic thermodynamic water heaters,Share of DHW needs covered by thermal solar water heaters in equipped dwellings,Total final energy consumption for domestic hot water,Final energy consumption from solid fossil fuels (coal ...) for domestic hot water,Final energy consumption from solid biomass for domestic hot water,Final oil consumption for domestic hot water,Final energy consumption from gas grid / gas consumed locally for domestic hot water,Final electricity consumption for domestic hot water,Final energy consumption from heating networks for domestic hot water,Final energy consumption from ambient heat (heat pumps…) for domestic hot water,Final energy consumption from thermal solar for domestic hot water,Average duration of use for domestic cooking systems,Average duration of use for domestic ovens,Average duration of use for domestic hobs,Average duration of use for domestic microwave ovens,Performance of domestic cooking equipment,Performance of domestic ovens,Performance of domestic hobs,Performance of domestic mircowave ovens,Total final energy consumption for domestic cooking,Final energy consumption from solid fossil fuels (coal ...) for domestic cooking,Final energy consumption from solid biomass for domestic cooking,Final oil consumption for domestic cooking,Final energy consumption from gas grid / gas consumed locally for domestic cooking,Final electricity consumption for domestic cooking,Duration of use of domestic lighting,Level of use of domestic washing machines,Level of use of domestic dishwashers,Level of use of domestic dryers,Duration of use of TV,Duration of use of domestic IT equipment including new devices and excluding TV,Duration of use of other domestic electrical appliances including new devices (and standby not already accounted for),Rate of equipment ownership for refrigerator,Rate of equipment ownership for freezers,Rate of equipment ownership for washing machine,Rate of equipment ownership for dishwashers,Rate of equipment ownership for dryers,Rate of equipment ownership for TV (multi-equipment included),Rate of equipment ownership for domestic IT equipment including new devices and excluding TV,Rate of equipment ownership for other domestic electrical appliances including new devices (and standby not already accounted for),Unit consumption per dwelling for lighting,Unit consumption for lighting per m2,Unit consumption of domestic refrigerators,Unit consumption of domestic freezers,Unit consumption of domestic washing machines,Unit consumption of domestic dishwashers,Unit consumption of domestic dryers,Unit consumption of TV,Unit consumption of domestic IT equipment including new devices and excluding TV,Unit consumption of other domestic electrical appliances including new devices (and standby not already accounted for),Total electricity consumption for domestic equipment,Domestic electricity consumption for lighting,"Electricity consumption of households for large appliances (TV, refrigerator, freezer, washing machine, dishwasher, dryer)","Electricity consumption of households for small appliances (other: PC, coffe machine, video...)",Total domestic consumption of specific electricity,Domestic electricity consumption for lighting,"Electricity consumption of households for large appliances (TV, refrigerator, freezer, washing machine, dishwasher, dryer)","Electricity consumption of households for small appliances (other: PC, coffe machine, video...)",Energy sufficiency indicator for residential building management,Energy efficiency of residential building management equipment,Total final residential electricy consumption for building management,Total FEC in the residential sector (secondary and vacant dwellings not or partially included),FEC from solid fossil fuels (coal ...) in the residential sector (secondary and vacant dwellings not or partially included),FEC from solid biomass in the residential sector (secondary and vacant dwellings not or partially included),FEC from oil in the residential sector (secondary and vacant dwellings not or partially included),FEC from gas grid / gas consumed locally in the residential sector (secondary and vacant dwellings not or partially included),Final electricity consumption in the residential sector (secondary and vacant dwellings not or partially included),FEC from heating networks in the residential sector (secondary and vacant dwellings not or partially included),Final energy consumption from ambient heat (heat pumps…) in the residential sector (secondary and vacant dwellings not or partially included),FEC from thermal solar in the residential sector (secondary and vacant dwellings not or partially included),Total final energy consumption in the residential sector,Final energy consumption from solid fossil fuels (coal ...) in the residential sector,Final energy consumption from solid biomass in the residential sector,Final oil consumption in the residential sector,Final energy consumption from gas grid / gas consumed locally in the residential sector,Final electricity consumption in the residential sector,Final energy consumption from heating networks in the residential sector,Final energy consumption from ambient heat (heat pumps…) in the residential sector,Final energy consumption from thermal solar in the residential sector,Any general comment on the Residential sector?,Thermal_uses_residential
FR,0.0,0.0,2639.46955468927,0.0,40.4577405738226,0.0,0.0,0.0,0.0,0.0,0.0,0.0,0.0,0.0,0.0,0.0,0.0,0.0,0.0,0.0,0.0,0.0,0.0,0.0,0.0,0.0,0.0,0.0,0.0,0.0,0.0,0.0,0.0,0.485861080243595,0.45,0.642895030404756,0.672195805923585,0.906666666666667,0.716666666666667,2.56759592107607,0.0,0.0,0.0,0.0,0.0,0.0,0.0,0.0,0.0,0.0,0.0,305.507971550004,0.0,0.2871838608421,74.4743651631159,43.24214474055,111.878979693304,38.3156485969585,11.5079216008402,25.6374066940985,0.164321200294111,0.0,0.0,0.0,0.0,0.0,0.0,0.0,0.0,0.0,2.41666666666667,1.22287574465115,18.7442168231188,1.22287574465115,1.22287574465115,0.0,0.0,0.0,0.0,0.0,0.0,0.0,0.0,0.0,0.0,0.0,0.0,0.329111792131349,0.45,0.484317520463485,0.625320546929019,0.644000997691076,0.5170310397926,1.75,0.0,48.7133097879964,0.0199011202876378,0.344328027160537,5.77282002207994,13.8844592326694,24.0381177527039,3.03179828850801,0.0,1.621885344587,0.0,0.0,0.0,0.0,0.0,0.0,0.0,0.0,23.6465439419338,0.0,0.0,4.58213795417551,7.54262284372709,11.5217831440312,0.0,0.0,0.0,0.0,0.0,0.0,0.0,0.0,0.0,0.0,0.0,0.0,0.0,0.0,0.0,0.0,0.0,0.0,0.0,0.0,0.0,0.0,0.0,0.0,0.0,0.0,0.0,0.0,0.0,85.090419241855,0.0,0.0,0.0,0.0,0.0,0.0,464.18112026644,0.307084981129738,74.8186931902765,53.5971027168055,133.306061769701,160.1888444802,14.5397198893482,25.6374066940985,1.78620654488111,464.18112026644,0.307084981129738,74.8186931902765,53.5971027168055,133.306061769701,160.1888444802,14.5397198893482,25.6374066940985,1.78620654488111,0.0,354.22128133800044
DE,0.0,0.0,3839.28602556055,0.0,46.1812433602634,0.0,0.0,0.0,0.0,0.0,0.0,0.0,0.0,0.0,0.0,0.0,0.0,0.0,0.0,0.0,0.0,0.0,0.0,0.0,0.0,0.0,0.0,0.0,0.0,0.0,0.0,0.0,0.0,0.485861080243595,0.45,0.642895030404756,0.672195805923585,0.906666666666667,0.716666666666667,2.34164748002137,0.0,0.0,0.0,0.0,0.0,0.0,0.0,0.0,0.0,0.0,0.0,429.439545025146,0.0,5.72332152365894,58.2224541559327,100.140577654398,206.917611567968,7.44672015081173,38.6476301850802,11.2302225639002,1.11100722339577,0.0,0.0,0.0,0.0,0.0,0.0,0.0,0.0,0.0,2.41666666666667,1.57133343407031,18.9009444036732,1.57133343407031,1.57133343407031,0.0,0.0,0.0,0.0,0.0,0.0,0.0,0.0,0.0,0.0,0.0,0.0,0.329111792131349,0.45,0.484317520463485,0.625320546929019,0.644000997691076,0.5170310397926,1.75,0.0,117.453402132005,0.0,10.6021679148219,18.9565455237445,57.9829595380947,16.6867260579255,4.12612529455789,1.1916491666062,7.90722863625388,0.0,0.0,0.0,0.0,0.0,0.0,0.0,0.0,27.9646120404088,0.0,0.0,0.0,0.759462787519053,27.2051492528897,0.0,0.0,0.0,0.0,0.0,0.0,0.0,0.0,0.0,0.0,0.0,0.0,0.0,0.0,0.0,0.0,0.0,0.0,0.0,0.0,0.0,0.0,0.0,0.0,0.0,0.0,0.0,0.0,0.0,77.4101405646564,0.0,0.0,0.0,0.0,0.0,0.0,653.839033196286,5.72332152365894,68.8246220707546,119.097123178142,265.660033893582,130.320069460354,42.7737554796381,12.4218717305064,9.01823585964966,653.839033196286,5.72332152365894,68.8246220707546,119.097123178142,265.660033893582,130.320069460354,42.7737554796381,12.4218717305064,9.01823585964966,0.0,546.892947157151
GB,0.0,0.0,2753.75709174211,0.0,41.0169237728527,0.0,0.0,0.0,0.0,0.0,0.0,0.0,0.0,0.0,0.0,0.0,0.0,0.0,0.0,0.0,0.0,0.0,0.0,0.0,0.0,0.0,0.0,0.0,0.0,0.0,0.0,0.0,0.0,0.485861080243595,0.45,0.642895030404756,0.672195805923585,0.906666666666667,0.716666666666667,2.34164748002137,0.0,0.0,0.0,0.0,0.0,0.0,0.0,0.0,0.0,0.0,0.0,281.142620010902,0.0,5.56960369249647,20.6793756894193,22.0581407294382,210.086146378677,18.1154514484189,3.02801120655676,1.02599223334417,0.579898632551287,0.0,0.0,0.0,0.0,0.0,0.0,0.0,0.0,0.0,2.41666666666667,0.0,0.0,0.0,0.0,0.0,0.0,0.0,0.0,0.0,0.0,0.0,0.0,0.0,0.0,0.0,0.0,0.329111792131349,0.45,0.484317520463485,0.625320546929019,0.644000997691076,0.5170310397926,1.75,0.0,74.946386051655,0.239538598186302,1.22035334923721,5.34965477053537,63.2282276185231,4.81384307086034,0.0,0.0605470070435024,0.034221637269212,0.0,0.0,0.0,0.0,0.0,0.0,0.0,0.0,12.1989141930437,0.0,0.0,0.0,6.56463385906583,5.63428033397785,0.0,0.0,0.0,0.0,0.0,0.0,0.0,0.0,0.0,0.0,0.0,0.0,0.0,0.0,0.0,0.0,0.0,0.0,0.0,0.0,0.0,0.0,0.0,0.0,0.0,0.0,0.0,0.0,0.0,79.2185682677216,0.0,0.0,0.0,0.0,0.0,0.0,447.506488523322,5.80914229068277,21.8997290386566,27.4077954999736,279.879007856266,107.782143120979,3.02801120655676,1.08653924038768,0.6141202698205,447.506488523322,5.80914229068277,21.8997290386566,27.4077954999736,279.879007856265,107.782143120979,3.02801120655676,1.08653924038768,0.6141202698205,0.0,356.089006062557
IT,0.0,0.0,2318.57323655994,0.0,38.459225883778,0.0,0.0,0.0,0.0,0.0,0.0,0.0,0.0,0.0,0.0,0.0,0.0,0.0,0.0,0.0,0.0,0.0,0.0,0.0,0.0,0.0,0.0,0.0,0.0,0.0,0.0,0.0,0.0,0.485861080243595,0.45,0.642895030404756,0.672195805923585,0.906666666666667,0.716666666666667,2.86886050914899,0.0,0.0,0.0,0.0,0.0,0.0,0.0,0.0,0.0,0.0,0.0,257.395044449011,0.0,0.0,72.0080377511691,20.2871867875276,151.125465917286,1.09920570805261,11.5482717548951,1.20995181400898,0.116924716072226,0.0,0.0,0.0,0.0,0.0,0.0,0.0,0.0,0.0,2.41666666666667,3.07239984246025,50.9632897004279,3.07239984246025,3.07239984246025,0.0,0.0,0.0,0.0,0.0,0.0,0.0,0.0,0.0,0.0,0.0,0.0,0.329111792131349,0.45,0.484317520463485,0.625320546929019,0.644000997691076,0.5170310397926,1.75,0.0,44.5258071609074,0.0,2.55158232181037,3.58890442193528,29.0653585742496,6.01562661508432,1.58655475362258,0.0,1.71778047420529,0.0,0.0,0.0,0.0,0.0,0.0,0.0,0.0,23.7385702390226,0.0,0.569144378644211,2.43439449503994,17.0588939841293,3.67613738120909,0.0,0.0,0.0,0.0,0.0,0.0,0.0,0.0,0.0,0.0,0.0,0.0,0.0,0.0,0.0,0.0,0.0,0.0,0.0,0.0,0.0,0.0,0.0,0.0,0.0,0.0,0.0,0.0,0.0,52.5460385439538,0.0,0.0,0.0,0.0,0.0,0.0,381.277860235355,0.0,75.1287644516237,26.3104857045028,197.249718475665,66.4094080907601,13.1348265085177,1.20995181400898,1.83470519027752,381.277860235355,0.0,75.1287644516237,26.3104857045028,197.249718475665,66.4094080907601,13.1348265085177,1.20995181400898,1.83470519027752,0.0,301.9208516099184
ES,0.0,0.0,1815.5972901387,0.0,38.3673345600368,0.0,0.0,0.0,0.0,0.0,0.0,0.0,0.0,0.0,0.0,0.0,0.0,0.0,0.0,0.0,0.0,0.0,0.0,0.0,0.0,0.0,0.0,0.0,0.0,0.0,0.0,0.0,0.0,0.485861080243595,0.45,0.642895030404756,0.672195805923585,0.906666666666667,0.716666666666667,2.86886050914899,0.0,0.0,0.0,0.0,0.0,0.0,0.0,0.0,0.0,0.0,0.0,82.5477190782642,0.0,0.722867616916675,31.5846900901198,26.1040430794121,16.4380058284644,6.15227345636279,0.0,1.29542907676724,0.250409930221163,0.0,0.0,0.0,0.0,0.0,0.0,0.0,0.0,0.0,2.41666666666667,2.35812162995554,49.8319985390879,2.35812162995554,2.35812162995554,0.0,0.0,0.0,0.0,0.0,0.0,0.0,0.0,0.0,0.0,0.0,0.0,0.329111792131349,0.45,0.484317520463485,0.625320546929019,0.644000997691076,0.5170310397926,1.75,0.0,27.8521559167667,0.0466846352789506,0.554685973473109,6.42469126709543,12.6050582387999,5.17823900702827,0.0,0.441563624670086,2.60123317042089,0.0,0.0,0.0,0.0,0.0,0.0,0.0,0.0,12.4869690971352,0.0917542834337487,0.297692139260109,2.03255102299432,3.34855124940862,6.71642040203844,0.0,0.0,0.0,0.0,0.0,0.0,0.0,0.0,0.0,0.0,0.0,0.0,0.0,0.0,0.0,0.0,0.0,0.0,0.0,0.0,0.0,0.0,0.0,0.0,0.0,0.0,0.0,0.0,0.0,52.7322706611797,0.0,0.0,0.0,0.0,0.0,0.0,177.977236383301,0.861306535629374,32.437068202853,34.5612853695019,32.3916153166729,73.1373251565647,0.0,1.73699270143732,2.85164310064205,177.977236383301,0.861306535629374,32.437068202853,34.5612853695019,32.3916153166729,73.1373251565647,0.0,1.73699270143732,2.85164310064205,0.0,110.3998749950309
PL,0.0,0.0,1053.26857364428,0.0,27.7606069120538,0.0,0.0,0.0,0.0,0.0,0.0,0.0,0.0,0.0,0.0,0.0,0.0,0.0,0.0,0.0,0.0,0.0,0.0,0.0,0.0,0.0,0.0,0.0,0.0,0.0,0.0,0.0,0.0,0.485861080243595,0.45,0.642895030404756,0.672195805923585,0.906666666666667,0.716666666666667,2.34164748002137,0.0,0.0,0.0,0.0,0.0,0.0,0.0,0.0,0.0,0.0,0.0,154.426453417901,0.0,68.8576823725016,27.7573448550107,1.17646380599173,22.8478505086098,1.34714882364505,30.7538764018585,1.65569121066975,0.030395439613958,0.0,0.0,0.0,0.0,0.0,0.0,0.0,0.0,0.0,2.41666666666667,0.0,0.0,0.0,0.0,0.0,0.0,0.0,0.0,0.0,0.0,0.0,0.0,0.0,0.0,0.0,0.0,0.329111792131349,0.45,0.484317520463485,0.625320546929019,0.644000997691076,0.5170310397926,1.75,0.0,35.5757677203769,6.27606843035904,2.35600663453775,0.405738635452859,10.3409843203131,1.99600882078038,13.0234811186948,0.647901824497882,0.529577935741097,0.0,0.0,0.0,0.0,0.0,0.0,0.0,0.0,17.4928463891493,0.861687297741567,0.572582506095179,5.37356661615231,7.73684339330729,2.94816657585296,0.0,0.0,0.0,0.0,0.0,0.0,0.0,0.0,0.0,0.0,0.0,0.0,0.0,0.0,0.0,0.0,0.0,0.0,0.0,0.0,0.0,0.0,0.0,0.0,0.0,0.0,0.0,0.0,0.0,22.0335330602354,0.0,0.0,0.0,0.0,0.0,0.0,229.528600587663,75.9954381006023,30.6859339956437,6.9557690575969,40.9256782222302,28.3248572805138,43.7773575205533,2.30359303516763,0.559973375355055,229.528600587663,75.9954381006023,30.6859339956437,6.9557690575969,40.9256782222302,28.3248572805138,43.7773575205533,2.30359303516763,0.559973375355055,0.0,190.0022211382779
SE,0.0,0.0,492.231252300259,0.0,47.6847531046896,0.0,0.0,0.0,0.0,0.0,0.0,0.0,0.0,0.0,0.0,0.0,0.0,0.0,0.0,0.0,0.0,0.0,0.0,0.0,0.0,0.0,0.0,0.0,0.0,0.0,0.0,0.0,0.0,0.485861080243595,0.45,0.642895030404756,0.672195805923585,0.906666666666667,0.716666666666667,2.13623980633529,0.0,0.0,0.0,0.0,0.0,0.0,0.0,0.0,0.0,0.0,0.0,49.5807417273373,0.0,0.0,8.32037062892669,1.99522799327645,0.471220269023975,14.5351686558851,24.1418869365296,0.0,0.116867243695474,0.0,0.0,0.0,0.0,0.0,0.0,0.0,0.0,0.0,2.41666666666667,0.0,0.0,0.0,0.0,0.0,0.0,0.0,0.0,0.0,0.0,0.0,0.0,0.0,0.0,0.0,0.0,0.329111792131349,0.45,0.484317520463485,0.625320546929019,0.644000997691076,0.5170310397926,1.75,0.0,12.0742443889448,0.0,1.00503610690929,0.392238804333159,0.0917201478453568,3.96290142367164,6.60811924363176,0.0,0.0142286625535756,0.0,0.0,0.0,0.0,0.0,0.0,0.0,0.0,1.25393319976587,0.0,0.0,0.0,0.0193774819550488,1.23455571781082,0.0,0.0,0.0,0.0,0.0,0.0,0.0,0.0,0.0,0.0,0.0,0.0,0.0,0.0,0.0,0.0,0.0,0.0,0.0,0.0,0.0,0.0,0.0,0.0,0.0,0.0,0.0,0.0,0.0,25.0717531504933,0.0,0.0,0.0,0.0,0.0,0.0,87.9806724665413,0.0,9.32540673583598,2.38746679760961,0.58231789882438,44.8043789478609,30.7500061801613,0.0,0.13109590624905,87.9806724665413,0.0,9.32540673583598,2.38746679760961,0.58231789882438,44.8043789478609,30.7500061801613,0.0,0.13109590624905,0.0,61.654986116282096
NL,0.0,0.0,881.685460698437,0.0,50.6576240635805,0.0,0.0,0.0,0.0,0.0,0.0,0.0,0.0,0.0,0.0,0.0,0.0,0.0,0.0,0.0,0.0,0.0,0.0,0.0,0.0,0.0,0.0,0.0,0.0,0.0,0.0,0.0,0.0,0.485861080243595,0.45,0.642895030404756,0.672195805923585,0.906666666666667,0.716666666666667,2.56759592107607,0.0,0.0,0.0,0.0,0.0,0.0,0.0,0.0,0.0,0.0,0.0,75.1632382153767,0.0,0.012446506283951,4.74954510406816,0.444953937892923,64.7772385679294,1.59653734970867,2.60228200256709,0.980234746926461,0.0,0.0,0.0,0.0,0.0,0.0,0.0,0.0,0.0,0.0,2.41666666666667,0.218762675569324,12.5691052786048,0.218762675569324,0.218762675569324,0.0,0.0,0.0,0.0,0.0,0.0,0.0,0.0,0.0,0.0,0.0,0.0,0.329111792131349,0.45,0.484317520463485,0.625320546929019,0.644000997691076,0.5170310397926,1.75,0.0,14.7460060512635,0.0,0.0,0.0,13.1546429453383,0.592992535066483,0.796025102754671,0.0,0.202345468104064,0.0,0.0,0.0,0.0,0.0,0.0,0.0,0.0,2.57368987397527,0.0,0.0,0.0,1.70306642740694,0.870623446568327,0.0,0.0,0.0,0.0,0.0,0.0,0.0,0.0,0.0,0.0,0.0,0.0,0.0,0.0,0.0,0.0,0.0,0.0,0.0,0.0,0.0,0.0,0.0,0.0,0.0,0.0,0.0,0.0,0.0,19.4725203312063,0.0,0.0,0.0,0.0,0.0,0.0,112.174217147391,0.012446506283951,4.74954510406816,0.444953937892923,79.6349479406746,22.7514363381191,3.39830710532176,0.980234746926461,0.202345468104064,112.174217147391,0.012446506283951,4.74954510406816,0.444953937892923,79.6349479406746,22.7514363381191,3.39830710532176,0.980234746926461,0.202345468104064,0.0,89.9092442666402
BE,5069.31189427313,0.020036704334925,574.576555947137,114.446637319687,49.9313182551114,2.27,5582.29594999295,5069.31189427313,0.0,4894.31189427313,557.951555947137,114.0,35.0,3.325,95.0,1.51604097290724,0.0,0.0,89.5444940945361,45.0,15.0,0.029635717162522,0.0,0.0,0.0059271434325044,50.4462738885822,364.877053661091,1781.78547408094,2004.26634458957,93.9127627331938,3.0,770.979988871828,0.0,0.55,0.58,0.68,0.7,0.88,0.84,2.28857142857143,0.0,68.8741602073013,0.891550824014237,6.11502533319443,25.4698391986907,27.8315308920878,4.31194183758638,0.0347153597714418,4.21955676195632,0.0,6107.61477834051,68.8741602073013,0.0,0.891550824014237,6.11502533319443,25.4698391986907,27.8315308920878,4.31194183758638,0.0347153597714418,4.21955676195632,0.0,0.14,0.0,0.0,0.0,1800.0,0.0,0.0,0.0,0.0,3.317,0.385127102006882,33.4679577506876,0.0,0.0,0.0,0.0,527.872695555723,95.0,0.0,254.52831778795,1781.78547408094,2004.26634458957,532.34355833604,3.0,492.39854587156,496.46676,0.0,0.53,0.58,0.61,0.75,0.87,2.28857142857143,0.5,9.31869134907769,0.0,0.563552691095003,3.18380173341523,3.58842244533093,1.08540310341876,0.265382612766639,0.325338213768042,0.30679054928309,102.0,0.0,0.0,0.0,0.66,0.0,0.0,0.0,1.59995685454545,0.0,0.0,0.106367763636364,0.522251590909091,0.9713375,98.0,101.0,101.0,101.0,98.0,102.0,100.0,1.2,0.75,0.94,0.7,0.64,1.26,1.4,0.9,0.0,0.0,0.0,0.0,0.0,0.0,0.0,0.0,0.0,0.0,0.0,0.0,0.0,0.0,11.4660707692022,0.0,0.0,0.0,100.0,95.0,0.0,91.6440062821336,0.891550824014237,6.67857802428943,28.7600086957423,31.9422049283278,18.2198803122142,0.300097972538081,4.54489497572436,0.30679054928309,91.6440062821336,0.891550824014237,6.67857802428943,28.7600086957423,31.9422049283278,18.2198803122142,0.300097972538081,4.54489497572436,0.30679054928309,0.0,78.192851556379
FI,0.0,0.0,287.306877562582,0.0,51.9806501211705,0.0,0.0,0.0,0.0,0.0,0.0,0.0,0.0,0.0,0.0,0.0,0.0,0.0,0.0,0.0,0.0,0.0,0.0,0.0,0.0,0.0,0.0,0.0,0.0,0.0,0.0,0.0,0.0,0.485861080243595,0.45,0.642895030404756,0.672195805923585,0.906666666666667,0.716666666666667,2.13623980633529,0.0,0.0,0.0,0.0,0.0,0.0,0.0,0.0,0.0,0.0,0.0,41.2506091834244,0.0,0.0270671678472655,11.4201802846755,2.38191077055936,0.205502803123241,10.1217104615225,12.3069212639642,4.76587760234655,0.0214388293856574,0.0,0.0,0.0,0.0,0.0,0.0,0.0,0.0,0.0,2.41666666666667,0.114501740417438,20.7160892123352,0.114501740417438,0.114501740417438,0.0,0.0,0.0,0.0,0.0,0.0,0.0,0.0,0.0,0.0,0.0,0.0,0.329111792131349,0.45,0.484317520463485,0.625320546929019,0.644000997691076,0.5170310397926,1.75,0.0,9.14458255172397,0.0133595511564195,0.398529982965619,0.577132609957321,0.0541572414471514,2.2856191729391,5.04039712300983,0.775386870248528,0.0,0.0,0.0,0.0,0.0,0.0,0.0,0.0,0.0,0.659242303847964,0.0,0.0,0.0475594482907377,0.00510586690782326,0.606576988649403,0.0,0.0,0.0,0.0,0.0,0.0,0.0,0.0,0.0,0.0,0.0,0.0,0.0,0.0,0.0,0.0,0.0,0.0,0.0,0.0,0.0,0.0,0.0,0.0,0.0,0.0,0.0,0.0,0.0,10.0589204928445,0.0,0.0,0.0,0.0,0.0,0.0,61.2278562722582,0.040426719003685,11.8187102676412,3.00660282880742,0.264765911478216,23.1873288563729,17.3473183869741,5.54126447259508,0.0214388293856574,61.2278562722582,0.040426719003685,11.8187102676412,3.00660282880742,0.264765911478216,23.1873288563729,17.3473183869741,5.54126447259508,0.0214388293856574,0.0,50.39519173514837
CZ,0.0,0.0,358.132742490188,0.0,33.4895640115565,0.0,0.0,0.0,0.0,0.0,0.0,0.0,0.0,0.0,0.0,0.0,0.0,0.0,0.0,0.0,0.0,0.0,0.0,0.0,0.0,0.0,0.0,0.0,0.0,0.0,0.0,0.0,0.0,0.485861080243595,0.45,0.642895030404756,0.672195805923585,0.906666666666667,0.716666666666667,2.34164748002137,0.0,0.0,0.0,0.0,0.0,0.0,0.0,0.0,0.0,0.0,0.0,55.915534106043,0.0,10.064021159338,20.3053030561424,0.448484598974481,13.8903452824897,2.6437811089037,7.57464188443946,0.969339214795706,0.019617800959573,0.0,0.0,0.0,0.0,0.0,0.0,0.0,0.0,0.0,2.41666666666667,0.0968256031547551,9.05431659853772,0.0968256031547551,0.0968256031547551,0.0,0.0,0.0,0.0,0.0,0.0,0.0,0.0,0.0,0.0,0.0,0.0,0.329111792131349,0.45,0.484317520463485,0.625320546929019,0.644000997691076,0.5170310397926,1.75,0.0,14.0522756801828,0.304842714092036,0.928052002546433,0.0,5.07212838984511,3.23480357980959,3.8430085544826,0.544498693568086,0.1249417458389,0.0,0.0,0.0,0.0,0.0,0.0,0.0,0.0,5.74545351450318,0.0104216629717234,0.141513568474449,0.138257583767167,2.81607816792322,2.63918253136662,0.0,0.0,0.0,0.0,0.0,0.0,0.0,0.0,0.0,0.0,0.0,0.0,0.0,0.0,0.0,0.0,0.0,0.0,0.0,0.0,0.0,0.0,0.0,0.0,0.0,0.0,0.0,0.0,0.0,5.99035119923412,0.0,0.0,0.0,0.0,0.0,0.0,81.8004401031178,10.3792855364018,21.3748686271633,0.586742182741648,21.778551840258,14.6049440224688,11.4176504389221,1.51383790836379,0.144559546798473,81.8004401031178,10.3792855364018,21.3748686271633,0.586742182741648,21.778551840258,14.6049440224688,11.4176504389221,1.51383790836379,0.144559546798473,0.0,69.9678097862258
DK,0.0,0.0,321.735165124838,0.0,55.3603726591357,0.0,0.0,0.0,0.0,0.0,0.0,0.0,0.0,0.0,0.0,0.0,0.0,0.0,0.0,0.0,0.0,0.0,0.0,0.0,0.0,0.0,0.0,0.0,0.0,0.0,0.0,0.0,0.0,0.485861080243595,0.45,0.642895030404756,0.672195805923585,0.906666666666667,0.716666666666667,2.34164748002137,0.0,0.0,0.0,0.0,0.0,0.0,0.0,0.0,0.0,0.0,0.0,44.6526557423068,0.0,0.0,16.5092499545331,1.92924603752512,7.36095060847025,1.33813896637461,17.3226518025923,0.0,0.192418372811392,0.0,0.0,0.0,0.0,0.0,0.0,0.0,0.0,0.0,2.41666666666667,0.0,0.0,0.0,0.0,0.0,0.0,0.0,0.0,0.0,0.0,0.0,0.0,0.0,0.0,0.0,0.0,0.329111792131349,0.45,0.484317520463485,0.625320546929019,0.644000997691076,0.5170310397926,1.75,0.0,11.3397923309937,0.0,0.635068350730084,0.961095260909024,1.97410902843958,0.529700281337122,7.2324176223741,0.0,0.00740178720379135,0.0,0.0,0.0,0.0,0.0,0.0,0.0,0.0,0.893541531750981,0.0,0.0,0.0,0.0274671748472924,0.866074356903688,0.0,0.0,0.0,0.0,0.0,0.0,0.0,0.0,0.0,0.0,0.0,0.0,0.0,0.0,0.0,0.0,0.0,0.0,0.0,0.0,0.0,0.0,0.0,0.0,0.0,0.0,0.0,0.0,0.0,7.86383751526734,0.0,0.0,0.0,0.0,0.0,0.0,64.7498271203188,0.0,17.1443183052631,2.89034129843415,9.36252681175712,10.5977511198828,24.5550694249664,0.0,0.199820160015183,64.7498271203188,0.0,17.1443183052631,2.89034129843415,9.36252681175712,10.5977511198828,24.5550694249664,0.0,0.199820160015183,0.0,55.992448073300494
PT,0.0,0.0,416.460434775778,0.0,40.4666156381723,0.0,0.0,0.0,0.0,0.0,0.0,0.0,0.0,0.0,0.0,0.0,0.0,0.0,0.0,0.0,0.0,0.0,0.0,0.0,0.0,0.0,0.0,0.0,0.0,0.0,0.0,0.0,0.0,0.485861080243595,0.45,0.642895030404756,0.672195805923585,0.906666666666667,0.716666666666667,2.86886050914899,0.0,0.0,0.0,0.0,0.0,0.0,0.0,0.0,0.0,0.0,0.0,7.35399513583047,0.0,0.0,3.68780514115102,0.41872439511505,0.0796356420747026,0.960894470867032,0.00984898615247522,2.15374583288037,0.0433406675898293,0.0,0.0,0.0,0.0,0.0,0.0,0.0,0.0,0.0,2.41666666666667,0.331395912036596,32.2010685208709,0.331395912036596,0.331395912036596,0.0,0.0,0.0,0.0,0.0,0.0,0.0,0.0,0.0,0.0,0.0,0.0,0.329111792131349,0.45,0.484317520463485,0.625320546929019,0.644000997691076,0.5170310397926,1.75,0.0,5.77516260081187,0.0,0.510256184544204,2.43685983562092,1.91898300480982,0.309271793686579,0.0,0.0,0.599791782150344,0.0,0.0,0.0,0.0,0.0,0.0,0.0,0.0,11.3253516482871,0.0,3.54189102996939,1.75254319113976,1.03929177788406,4.99162564929384,0.0,0.0,0.0,0.0,0.0,0.0,0.0,0.0,0.0,0.0,0.0,0.0,0.0,0.0,0.0,0.0,0.0,0.0,0.0,0.0,0.0,0.0,0.0,0.0,0.0,0.0,0.0,0.0,0.0,5.69722440068393,0.0,0.0,0.0,0.0,0.0,0.0,30.4831296976499,0.0,7.73995235566461,4.60812742187573,3.03791042476858,12.290412226568,0.00984898615247522,2.15374583288037,0.643132449740174,30.4831296976499,0.0,7.73995235566461,4.60812742187573,3.03791042476858,12.290412226568,0.00984898615247522,2.15374583288037,0.643132449740174,0.0,13.129157736642341
RO,0.0,0.0,459.380417334487,0.0,23.8254035546324,0.0,0.0,0.0,0.0,0.0,0.0,0.0,0.0,0.0,0.0,0.0,0.0,0.0,0.0,0.0,0.0,0.0,0.0,0.0,0.0,0.0,0.0,0.0,0.0,0.0,0.0,0.0,0.0,0.485861080243595,0.45,0.642895030404756,0.672195805923585,0.906666666666667,0.716666666666667,2.56759592107607,0.0,0.0,0.0,0.0,0.0,0.0,0.0,0.0,0.0,0.0,0.0,52.2459138145826,0.0,0.248281592735342,27.7504654170807,0.00439774767305078,15.7657913208522,0.101309919774091,8.37566781646724,0.0,0.0,0.0,0.0,0.0,0.0,0.0,0.0,0.0,0.0,0.0,2.41666666666667,0.430525468312932,22.3288643486821,0.430525468312932,0.430525468312932,0.0,0.0,0.0,0.0,0.0,0.0,0.0,0.0,0.0,0.0,0.0,0.0,0.329111792131349,0.45,0.484317520463485,0.625320546929019,0.644000997691076,0.5170310397926,1.75,0.0,12.41839560639,0.0908634984201142,4.57597262089626,0.738626194186725,6.76297426441271,0.249959028474222,0.0,0.0,0.0,0.0,0.0,0.0,0.0,0.0,0.0,0.0,0.0,11.416912039908,0.0417129635647263,0.714711971155416,3.57025573408545,7.08221893891187,0.00801243219052175,0.0,0.0,0.0,0.0,0.0,0.0,0.0,0.0,0.0,0.0,0.0,0.0,0.0,0.0,0.0,0.0,0.0,0.0,0.0,0.0,0.0,0.0,0.0,0.0,0.0,0.0,0.0,0.0,0.0,11.3701456045174,0.0,0.0,0.0,0.0,0.0,0.0,87.881892533711,0.380858054720183,33.0411500091323,4.31327967594523,29.6109845241768,12.1599524532692,8.37566781646724,0.0,0.0,87.881892533711,0.380858054720183,33.0411500091323,4.31327967594523,29.6109845241768,12.1599524532692,8.37566781646724,0.0,0.0,0.0,64.6643094209726
AT,0.0,0.0,390.677633145468,0.0,43.8753524037667,0.0,0.0,0.0,0.0,0.0,0.0,0.0,0.0,0.0,0.0,0.0,0.0,0.0,0.0,0.0,0.0,0.0,0.0,0.0,0.0,0.0,0.0,0.0,0.0,0.0,0.0,0.0,0.0,0.485861080243595,0.45,0.642895030404756,0.672195805923585,0.906666666666667,0.716666666666667,2.34164748002137,0.0,0.0,0.0,0.0,0.0,0.0,0.0,0.0,0.0,0.0,0.0,57.1738906998176,0.0,0.22633616211838,18.6896059596762,10.5792270679191,14.9098558905265,2.73127776764073,8.4751964517802,1.16302324317576,0.399368156980779,0.0,0.0,0.0,0.0,0.0,0.0,0.0,0.0,0.0,2.41666666666667,0.137735570624421,15.4684993123991,0.137735570624421,0.137735570624421,0.0,0.0,0.0,0.0,0.0,0.0,0.0,0.0,0.0,0.0,0.0,0.0,0.329111792131349,0.45,0.484317520463485,0.625320546929019,0.644000997691076,0.5170310397926,1.75,0.0,10.5744106650022,0.00729045390442176,1.68954992248899,1.05243576246274,1.78031408123333,3.1261985694403,1.16217954461036,0.869607994641284,0.886834336220808,0.0,0.0,0.0,0.0,0.0,0.0,0.0,0.0,1.41270468662729,0.000443048273059922,0.0551604731443799,0.00296630450297814,0.0676532786665661,1.2864815820403,0.0,0.0,0.0,0.0,0.0,0.0,0.0,0.0,0.0,0.0,0.0,0.0,0.0,0.0,0.0,0.0,0.0,0.0,0.0,0.0,0.0,0.0,0.0,0.0,0.0,0.0,0.0,0.0,0.0,8.20615412238642,0.0,0.0,0.0,0.0,0.0,0.0,77.504895744458,0.234069664295862,20.4343163553096,11.6346291348848,16.7578232504264,15.4878476121322,9.63737599639056,2.03263123781705,1.28620249320159,77.504895744458,0.234069664295862,20.4343163553096,11.6346291348848,16.7578232504264,15.4878476121322,9.63737599639056,2.03263123781705,1.28620249320159,0.0,67.7483013648198
BG,0.0,0.0,224.402198617114,0.0,32.290181509205,0.0,0.0,0.0,0.0,0.0,0.0,0.0,0.0,0.0,0.0,0.0,0.0,0.0,0.0,0.0,0.0,0.0,0.0,0.0,0.0,0.0,0.0,0.0,0.0,0.0,0.0,0.0,0.0,0.485861080243595,0.45,0.642895030404756,0.672195805923585,0.906666666666667,0.716666666666667,2.56759592107607,0.0,0.0,0.0,0.0,0.0,0.0,0.0,0.0,0.0,0.0,0.0,17.4673931062177,0.0,1.65171050135015,10.4055290985872,0.0107654124556023,0.925429196154187,1.5401720300821,2.93378686758852,0.0,0.0,0.0,0.0,0.0,0.0,0.0,0.0,0.0,0.0,0.0,2.41666666666667,0.181044650139899,26.0512804701282,0.181044650139899,0.181044650139899,0.0,0.0,0.0,0.0,0.0,0.0,0.0,0.0,0.0,0.0,0.0,0.0,0.329111792131349,0.45,0.484317520463485,0.625320546929019,0.644000997691076,0.5170310397926,1.75,0.0,4.43900543230822,0.0221264150602398,0.171415703770679,0.00631779372634231,0.118987449328843,2.60721545657132,1.39708829766066,0.0,0.11585431619014,0.0,0.0,0.0,0.0,0.0,0.0,0.0,0.0,1.14493541864981,0.00893790370385027,0.135982570035889,0.125059039555442,0.0253622345852062,0.849593670769421,0.0,0.0,0.0,0.0,0.0,0.0,0.0,0.0,0.0,0.0,0.0,0.0,0.0,0.0,0.0,0.0,0.0,0.0,0.0,0.0,0.0,0.0,0.0,0.0,0.0,0.0,0.0,0.0,0.0,4.62176298964845,0.0,0.0,0.0,0.0,0.0,0.0,27.8541415969641,1.68277482011424,10.7129273723937,0.142142245737386,1.06977888006824,9.79978879721119,4.33087516524918,0.0,0.11585431619014,27.8541415969641,1.68277482011424,10.7129273723937,0.142142245737386,1.06977888006824,9.79978879721119,4.33087516524918,0.0,0.11585431619014,0.0,21.90639853852592
EE,0.0,0.0,42.4370041725162,0.0,31.9095372734189,0.0,0.0,0.0,0.0,0.0,0.0,0.0,0.0,0.0,0.0,0.0,0.0,0.0,0.0,0.0,0.0,0.0,0.0,0.0,0.0,0.0,0.0,0.0,0.0,0.0,0.0,0.0,0.0,0.485861080243595,0.45,0.642895030404756,0.672195805923585,0.906666666666667,0.716666666666667,2.13623980633529,0.0,0.0,0.0,0.0,0.0,0.0,0.0,0.0,0.0,0.0,0.0,5.92026076375791,0.0,0.00909618892496108,3.03151169080976,0.0154283768061328,0.348673460019076,0.299181923004629,2.21636912419336,0.0,0.0,0.0,0.0,0.0,0.0,0.0,0.0,0.0,0.0,0.0,2.41666666666667,0.0,0.0,0.0,0.0,0.0,0.0,0.0,0.0,0.0,0.0,0.0,0.0,0.0,0.0,0.0,0.0,0.329111792131349,0.45,0.484317520463485,0.625320546929019,0.644000997691076,0.5170310397926,1.75,0.0,1.63580415237002,0.00235116057790995,0.458420064831725,0.00381184721086687,0.104410091453238,0.0898559574930897,0.976955030803193,0.0,0.0,0.0,0.0,0.0,0.0,0.0,0.0,0.0,0.0,1.78524173714176,0.0,0.495537824338787,0.245809158061839,0.29760825877323,0.746286495967906,0.0,0.0,0.0,0.0,0.0,0.0,0.0,0.0,0.0,0.0,0.0,0.0,0.0,0.0,0.0,0.0,0.0,0.0,0.0,0.0,0.0,0.0,0.0,0.0,0.0,0.0,0.0,0.0,0.0,0.987048631161871,0.0,0.0,0.0,0.0,0.0,0.0,10.3283552844316,0.011447349502871,3.98546957998027,0.265049382078839,0.750691810245544,2.12237300762749,3.19332415499655,0.0,0.0,10.3283552844316,0.011447349502871,3.98546957998027,0.265049382078839,0.750691810245544,2.12237300762749,3.19332415499655,0.0,0.0,0.0,7.55606491612793
GR,0.0,0.0,370.710340482935,0.0,34.6570492671631,0.0,0.0,0.0,0.0,0.0,0.0,0.0,0.0,0.0,0.0,0.0,0.0,0.0,0.0,0.0,0.0,0.0,0.0,0.0,0.0,0.0,0.0,0.0,0.0,0.0,0.0,0.0,0.0,0.485861080243595,0.45,0.642895030404756,0.672195805923585,0.906666666666667,0.716666666666667,2.86886050914899,0.0,0.0,0.0,0.0,0.0,0.0,0.0,0.0,0.0,0.0,0.0,32.5204426677249,0.0,0.0580882112365234,10.1009710596917,14.377315713289,4.54815015809688,1.60051424723737,0.743685020599663,1.09171825757384,0.0,0.0,0.0,0.0,0.0,0.0,0.0,0.0,0.0,0.0,2.41666666666667,0.734815425717851,68.6965849892373,0.734815425717851,0.734815425717851,0.0,0.0,0.0,0.0,0.0,0.0,0.0,0.0,0.0,0.0,0.0,0.0,0.329111792131349,0.45,0.484317520463485,0.625320546929019,0.644000997691076,0.5170310397926,1.75,0.0,3.86771484825663,0.0,0.0403005198428616,0.276444742375607,0.263686006370056,1.52318438969622,0.0295990252599516,0.0,1.73450016471194,0.0,0.0,0.0,0.0,0.0,0.0,0.0,0.0,4.64666626520658,0.0,0.197802696981943,1.15728050987419,0.040379574358209,3.25120348399224,0.0,0.0,0.0,0.0,0.0,0.0,0.0,0.0,0.0,0.0,0.0,0.0,0.0,0.0,0.0,0.0,0.0,0.0,0.0,0.0,0.0,0.0,0.0,0.0,0.0,0.0,0.0,0.0,0.0,10.9712375228084,0.0,0.0,0.0,0.0,0.0,0.0,52.7408767297144,0.0580882112365234,10.3390742765165,15.8110409655388,4.85221573882514,18.0809550694521,0.773284045859614,1.09171825757384,1.73450016471194,52.7408767297144,0.0580882112365234,10.3390742765165,15.8110409655388,4.85221573882515,18.0809550694521,0.773284045859614,1.09171825757384,1.73450016471194,0.0,36.38815751598153
LV,0.0,0.0,56.1413910693441,0.0,29.4381876663364,0.0,0.0,0.0,0.0,0.0,0.0,0.0,0.0,0.0,0.0,0.0,0.0,0.0,0.0,0.0,0.0,0.0,0.0,0.0,0.0,0.0,0.0,0.0,0.0,0.0,0.0,0.0,0.0,0.485861080243595,0.45,0.642895030404756,0.672195805923585,0.906666666666667,0.716666666666667,2.13623980633529,0.0,0.0,0.0,0.0,0.0,0.0,0.0,0.0,0.0,0.0,0.0,8.43903447428891,0.0,0.059770046530649,4.60598843223246,0.252380798132569,0.647184930744353,0.0614764331399964,2.81223383350888,0.0,0.0,0.0,0.0,0.0,0.0,0.0,0.0,0.0,0.0,0.0,2.41666666666667,0.0,0.0,0.0,0.0,0.0,0.0,0.0,0.0,0.0,0.0,0.0,0.0,0.0,0.0,0.0,0.0,0.329111792131349,0.45,0.484317520463485,0.625320546929019,0.644000997691076,0.5170310397926,1.75,0.0,2.51889981552699,0.00945477893741311,0.729616051160638,0.0925004738407296,0.249742527891653,0.316605678602782,1.12098030509377,0.0,0.0,0.0,0.0,0.0,0.0,0.0,0.0,0.0,0.0,0.879612569790753,1.75994502942505e-05,0.268899349073891,0.134808896193636,0.348709722009634,0.127177003063297,0.0,0.0,0.0,0.0,0.0,0.0,0.0,0.0,0.0,0.0,0.0,0.0,0.0,0.0,0.0,0.0,0.0,0.0,0.0,0.0,0.0,0.0,0.0,0.0,0.0,0.0,0.0,0.0,0.0,0.908797500317194,0.0,0.0,0.0,0.0,0.0,0.0,12.7463443599238,0.0692424249183564,5.60450383246699,0.479690168166935,1.24563718064564,1.41405661512327,3.93321413860266,0.0,0.0,12.7463443599238,0.0692424249183564,5.60450383246699,0.479690168166935,1.24563718064564,1.41405661512327,3.93321413860266,0.0,0.0,0.0,10.9579342898159
HU,0.0,0.0,319.649528657526,0.0,32.7108418367347,0.0,0.0,0.0,0.0,0.0,0.0,0.0,0.0,0.0,0.0,0.0,0.0,0.0,0.0,0.0,0.0,0.0,0.0,0.0,0.0,0.0,0.0,0.0,0.0,0.0,0.0,0.0,0.0,0.485861080243595,0.45,0.642895030404756,0.672195805923585,0.906666666666667,0.716666666666667,2.56759592107607,0.0,0.0,0.0,0.0,0.0,0.0,0.0,0.0,0.0,0.0,0.0,52.7477195787782,0.0,1.20291306021835,16.8121761664584,0.12242698866383,29.7049499632336,0.432243451217009,4.38758264330725,0.085427305679804,0.0,0.0,0.0,0.0,0.0,0.0,0.0,0.0,0.0,0.0,2.41666666666667,0.166614847066715,17.0502735697456,0.166614847066715,0.166614847066715,0.0,0.0,0.0,0.0,0.0,0.0,0.0,0.0,0.0,0.0,0.0,0.0,0.329111792131349,0.45,0.484317520463485,0.625320546929019,0.644000997691076,0.5170310397926,1.75,0.0,8.52561071242096,0.0,0.245734420789224,0.122997539346483,3.2746264315435,3.3690186745372,1.37227116060315,0.0,0.140962485601397,0.0,0.0,0.0,0.0,0.0,0.0,0.0,0.0,3.23665285097673,0.0,0.00526767743741902,0.632117217863552,2.19881173909236,0.400456216583394,0.0,0.0,0.0,0.0,0.0,0.0,0.0,0.0,0.0,0.0,0.0,0.0,0.0,0.0,0.0,0.0,0.0,0.0,0.0,0.0,0.0,0.0,0.0,0.0,0.0,0.0,0.0,0.0,0.0,6.78592326121529,0.0,0.0,0.0,0.0,0.0,0.0,71.4625212504579,1.20291306021835,17.063178264685,0.877541745873865,35.1783881338694,11.1542564506196,5.7598538039104,0.085427305679804,0.140962485601397,71.4625212504579,1.20291306021835,17.063178264685,0.877541745873865,35.1783881338694,11.1542564506196,5.7598538039104,0.085427305679804,0.140962485601397,0.0,61.27333029119916
IE,0.0,0.0,222.29842667445,0.0,44.7561590838935,0.0,0.0,0.0,0.0,0.0,0.0,0.0,0.0,0.0,0.0,0.0,0.0,0.0,0.0,0.0,0.0,0.0,0.0,0.0,0.0,0.0,0.0,0.0,0.0,0.0,0.0,0.0,0.0,0.485861080243595,0.45,0.642895030404756,0.672195805923585,0.906666666666667,0.716666666666667,2.56759592107607,0.0,0.0,0.0,0.0,0.0,0.0,0.0,0.0,0.0,0.0,0.0,19.3221374638249,0.0,3.89935549607669,0.269355166651605,9.85823309383833,4.43601509952738,0.700444102064299,0.0,0.154579202317205,0.0041553033494184,0.0,0.0,0.0,0.0,0.0,0.0,0.0,0.0,0.0,2.41666666666667,0.0,0.0,0.0,0.0,0.0,0.0,0.0,0.0,0.0,0.0,0.0,0.0,0.0,0.0,0.0,0.0,0.329111792131349,0.45,0.484317520463485,0.625320546929019,0.644000997691076,0.5170310397926,1.75,0.0,5.53627919856492,0.360301740355123,0.042548262939331,2.57686578178027,1.51371141949447,0.792104732157396,0.0,0.126033140011408,0.124714121826924,0.0,0.0,0.0,0.0,0.0,0.0,0.0,0.0,1.6269809334913,0.0,0.0,0.0306078693737893,0.362572669969057,1.23380039414846,0.0,0.0,0.0,0.0,0.0,0.0,0.0,0.0,0.0,0.0,0.0,0.0,0.0,0.0,0.0,0.0,0.0,0.0,0.0,0.0,0.0,0.0,0.0,0.0,0.0,0.0,0.0,0.0,0.0,3.80061679466362,0.0,0.0,0.0,0.0,0.0,0.0,30.2860143905448,4.25965723643181,0.311903429590936,12.4657067449924,6.3122991889909,6.52696602303377,0.0,0.280612342328613,0.128869425176342,30.2860143905448,4.25965723643181,0.311903429590936,12.4657067449924,6.3122991889909,6.52696602303377,0.0,0.280612342328613,0.128869425176342,0.0,24.85841666238982
SK,0.0,0.0,161.127255146458,0.0,29.5230362845558,0.0,0.0,0.0,0.0,0.0,0.0,0.0,0.0,0.0,0.0,0.0,0.0,0.0,0.0,0.0,0.0,0.0,0.0,0.0,0.0,0.0,0.0,0.0,0.0,0.0,0.0,0.0,0.0,0.485861080243595,0.45,0.642895030404756,0.672195805923585,0.906666666666667,0.716666666666667,2.34164748002137,0.0,0.0,0.0,0.0,0.0,0.0,0.0,0.0,0.0,0.0,0.0,15.3547820320187,0.0,0.18976078839054,0.361113181199431,0.0465873396217225,10.0397662465929,0.878869628927873,3.83506020301359,0.0,0.0036246442726283,0.0,0.0,0.0,0.0,0.0,0.0,0.0,0.0,0.0,2.41666666666667,0.0641720515433341,11.7581212715761,0.0641720515433341,0.0641720515433341,0.0,0.0,0.0,0.0,0.0,0.0,0.0,0.0,0.0,0.0,0.0,0.0,0.329111792131349,0.45,0.484317520463485,0.625320546929019,0.644000997691076,0.5170310397926,1.75,0.0,4.8773783228345,0.120659807381752,0.0497641050498268,0.0500867248556604,2.3211567497783,1.00696093796771,1.23422239469202,0.0,0.0945276031092334,0.0,0.0,0.0,0.0,0.0,0.0,0.0,0.0,1.23181375420593,0.0397846270553136,0.0151399789310623,0.00583575524408299,0.867523076306267,0.3035303166692,0.0,0.0,0.0,0.0,0.0,0.0,0.0,0.0,0.0,0.0,0.0,0.0,0.0,0.0,0.0,0.0,0.0,0.0,0.0,0.0,0.0,0.0,0.0,0.0,0.0,0.0,0.0,0.0,0.0,4.36576838124716,0.0,0.0,0.0,0.0,0.0,0.0,25.8939145418496,0.350205222827606,0.42601726518032,0.102509819721466,13.2284460726775,6.61930131635528,5.06928259770561,0.0,0.0981522473818617,25.8939145418496,0.350205222827606,0.42601726518032,0.102509819721466,13.2284460726775,6.61930131635528,5.06928259770561,0.0,0.0981522473818617,0.0,20.2321603548532
LT,0.0,0.0,94.1976500144507,0.0,33.7191866294186,0.0,0.0,0.0,0.0,0.0,0.0,0.0,0.0,0.0,0.0,0.0,0.0,0.0,0.0,0.0,0.0,0.0,0.0,0.0,0.0,0.0,0.0,0.0,0.0,0.0,0.0,0.0,0.0,0.485861080243595,0.45,0.642895030404756,0.672195805923585,0.906666666666667,0.716666666666667,2.13623980633529,0.0,0.0,0.0,0.0,0.0,0.0,0.0,0.0,0.0,0.0,0.0,12.1838364029398,0.0,0.593301785290169,5.13552052635111,0.217064120836604,1.24167149655632,0.158540550689014,4.61617673868256,0.221561184534033,0.0,0.0,0.0,0.0,0.0,0.0,0.0,0.0,0.0,0.0,2.41666666666667,0.0,0.0,0.0,0.0,0.0,0.0,0.0,0.0,0.0,0.0,0.0,0.0,0.0,0.0,0.0,0.0,0.329111792131349,0.45,0.484317520463485,0.625320546929019,0.644000997691076,0.5170310397926,1.75,0.0,1.43219168261372,0.0346812788497213,0.233911619378422,0.0589045865485382,0.19282183491239,0.138980762168737,0.741582634002831,0.0313089667530853,0.0,0.0,0.0,0.0,0.0,0.0,0.0,0.0,0.0,0.988974472729275,0.00668157101958814,0.0936083308866733,0.337781116718153,0.395145088097209,0.155758366007652,0.0,0.0,0.0,0.0,0.0,0.0,0.0,0.0,0.0,0.0,0.0,0.0,0.0,0.0,0.0,0.0,0.0,0.0,0.0,0.0,0.0,0.0,0.0,0.0,0.0,0.0,0.0,0.0,0.0,2.19458909271724,0.0,0.0,0.0,0.0,0.0,0.0,16.7995916510001,0.634664635159479,5.4630404766162,0.613749824103295,1.82963841956592,2.64786877158264,5.35775937268539,0.252870151287118,0.0,16.7995916510001,0.634664635159479,5.4630404766162,0.613749824103295,1.82963841956592,2.64786877158264,5.35775937268539,0.252870151287118,0.0,0.0,13.61602808555352
HR,0.0,0.0,128.175450152661,0.0,31.5992219857975,0.0,0.0,0.0,0.0,0.0,0.0,0.0,0.0,0.0,0.0,0.0,0.0,0.0,0.0,0.0,0.0,0.0,0.0,0.0,0.0,0.0,0.0,0.0,0.0,0.0,0.0,0.0,0.0,0.485861080243595,0.45,0.642895030404756,0.672195805923585,0.906666666666667,0.716666666666667,2.56759592107607,0.0,0.0,0.0,0.0,0.0,0.0,0.0,0.0,0.0,0.0,0.0,18.6430321582415,0.0,0.0225082240530151,11.8398516564055,0.891040514723375,4.12777625961801,0.339928457943396,1.23477251218683,0.181289127898296,0.00586540541315174,0.0,0.0,0.0,0.0,0.0,0.0,0.0,0.0,0.0,2.41666666666667,0.516352549792271,127.296910792085,0.516352549792271,0.516352549792271,0.0,0.0,0.0,0.0,0.0,0.0,0.0,0.0,0.0,0.0,0.0,0.0,0.329111792131349,0.45,0.484317520463485,0.625320546929019,0.644000997691076,0.5170310397926,1.75,0.0,2.60903443456624,0.00143680447607618,0.280476873482193,0.0839160882100979,0.938411053269847,1.10896825706621,0.0957198110145449,0.0,0.100105547047264,0.0,0.0,0.0,0.0,0.0,0.0,0.0,0.0,1.68220151274777,0.0,0.243560051186913,0.420093441255573,0.413129919756373,0.605418100548916,0.0,0.0,0.0,0.0,0.0,0.0,0.0,0.0,0.0,0.0,0.0,0.0,0.0,0.0,0.0,0.0,0.0,0.0,0.0,0.0,0.0,0.0,0.0,0.0,0.0,0.0,0.0,0.0,0.0,3.44330116941152,0.0,0.0,0.0,0.0,0.0,0.0,26.8939218247593,0.0239450285290913,12.3638885810746,1.39505004418905,5.47931723264423,6.01396853476232,1.33049232320137,0.181289127898296,0.105970952460416,26.8939218247593,0.0239450285290913,12.3638885810746,1.39505004418905,5.47931723264423,6.01396853476232,1.33049232320137,0.181289127898296,0.105970952460416,0.0,21.25206659280774
LU,0.0,0.0,30.0563758977378,0.0,48.0110024866785,0.0,0.0,0.0,0.0,0.0,0.0,0.0,0.0,0.0,0.0,0.0,0.0,0.0,0.0,0.0,0.0,0.0,0.0,0.0,0.0,0.0,0.0,0.0,0.0,0.0,0.0,0.0,0.0,0.485861080243595,0.45,0.642895030404756,0.672195805923585,0.906666666666667,0.716666666666667,2.56759592107607,0.0,0.0,0.0,0.0,0.0,0.0,0.0,0.0,0.0,0.0,0.0,5.2246921235863,0.0,0.00294447235656227,0.292593429264587,1.69470182933417,2.72317199754616,0.489115267161255,0.0,0.0221651279235616,0.0,0.0,0.0,0.0,0.0,0.0,0.0,0.0,0.0,0.0,2.41666666666667,0.0134987888727805,21.562492708477,0.0134987888727805,0.0134987888727805,0.0,0.0,0.0,0.0,0.0,0.0,0.0,0.0,0.0,0.0,0.0,0.0,0.329111792131349,0.45,0.484317520463485,0.625320546929019,0.644000997691076,0.5170310397926,1.75,0.0,0.474130292133212,0.0,0.0172141420017146,0.129401133194888,0.254174252844707,0.0411983697396097,0.0,0.0,0.0321423943522928,0.0,0.0,0.0,0.0,0.0,0.0,0.0,0.0,0.180269154564188,0.0,0.0,0.00411410706284598,0.111572496870695,0.0645825506306461,0.0,0.0,0.0,0.0,0.0,0.0,0.0,0.0,0.0,0.0,0.0,0.0,0.0,0.0,0.0,0.0,0.0,0.0,0.0,0.0,0.0,0.0,0.0,0.0,0.0,0.0,0.0,0.0,0.0,0.65076845491468,0.0,0.0,0.0,0.0,0.0,0.0,6.54335881407115,0.00294447235656227,0.309807571266302,1.8282170695919,3.08891874726156,1.25916343131897,0.0,0.0221651279235616,0.0321423943522928,6.54335881407115,0.00294447235656227,0.309807571266302,1.8282170695919,3.08891874726156,1.25916343131897,0.0,0.0221651279235616,0.0321423943522928,0.0,5.698822415719512
SI,0.0,0.0,67.1541944094389,0.0,32.0497044402123,0.0,0.0,0.0,0.0,0.0,0.0,0.0,0.0,0.0,0.0,0.0,0.0,0.0,0.0,0.0,0.0,0.0,0.0,0.0,0.0,0.0,0.0,0.0,0.0,0.0,0.0,0.0,0.0,0.485861080243595,0.45,0.642895030404756,0.672195805923585,0.906666666666667,0.716666666666667,2.56759592107607,0.0,0.0,0.0,0.0,0.0,0.0,0.0,0.0,0.0,0.0,0.0,8.58500065204792,0.0,4.30861274242532e-05,4.79755052592513,1.21788953269938,1.02018943543163,0.461635540755305,0.782466215506587,0.30204811528649,0.00317820031597512,0.0,0.0,0.0,0.0,0.0,0.0,0.0,0.0,0.0,2.41666666666667,0.0726676122070987,34.6810130639602,0.0726676122070987,0.0726676122070987,0.0,0.0,0.0,0.0,0.0,0.0,0.0,0.0,0.0,0.0,0.0,0.0,0.329111792131349,0.45,0.484317520463485,0.625320546929019,0.644000997691076,0.5170310397926,1.75,0.0,2.10797362839536,1.80804544477471e-05,0.565858615216227,0.175750209938023,0.294944193349292,0.63547118991106,0.14810971520103,0.165701149857386,0.122120474467897,0.0,0.0,0.0,0.0,0.0,0.0,0.0,0.0,0.537967711677497,0.0,0.0597837879388168,0.150880243175052,0.0560088759627531,0.271294804600874,0.0,0.0,0.0,0.0,0.0,0.0,0.0,0.0,0.0,0.0,0.0,0.0,0.0,0.0,0.0,0.0,0.0,0.0,0.0,0.0,0.0,0.0,0.0,0.0,0.0,0.0,0.0,0.0,0.0,2.00323822146782,0.0,0.0,0.0,0.0,0.0,0.0,13.3068478257957,6.11665818720003e-05,5.42319292908017,1.54451998581246,1.37114250474368,3.44430736894216,0.930575930707617,0.467749265143875,0.125298674783872,13.3068478257957,6.11665818720003e-05,5.42319292908017,1.54451998581246,1.37114250474368,3.44430736894216,0.930575930707617,0.467749265143875,0.125298674783872,0.0,10.69297428044328
CH,0.0,0.0,373.596547556204,0.0,43.5413509780233,0.0,0.0,0.0,0.0,0.0,0.0,0.0,0.0,0.0,0.0,0.0,0.0,0.0,0.0,0.0,0.0,0.0,0.0,0.0,0.0,0.0,0.0,0.0,0.0,0.0,0.0,0.0,0.0,0.485861080243595,0.45,0.642895030404756,0.672195805923585,0.906666666666667,0.716666666666667,2.34164748002137,0.0,0.0,0.0,0.0,0.0,0.0,0.0,0.0,0.0,0.0,0.0,41.991243767785,0.0,0.0289483472429213,7.31278986269294,17.9048651619833,10.4689927581352,4.1355525566641,2.14009508106662,0.0,0.0,0.0,0.0,0.0,0.0,0.0,0.0,0.0,0.0,0.0,2.41666666666667,0.40153679230225,46.7976872874922,0.40153679230225,0.40153679230225,0.0,0.0,0.0,0.0,0.0,0.0,0.0,0.0,0.0,0.0,0.0,0.0,0.329111792131349,0.45,0.484317520463485,0.625320546929019,0.644000997691076,0.5170310397926,1.75,0.0,9.07294229196583,0.0,1.24753977414509,2.77858347241464,2.12653465592817,2.52335847770411,0.396925911773822,0.0,0.0,0.0,0.0,0.0,0.0,0.0,0.0,0.0,0.0,2.03599460240312,0.0,0.292759272820368,0.6520482101761,0.499032377483491,0.592154741923161,0.0,0.0,0.0,0.0,0.0,0.0,0.0,0.0,0.0,0.0,0.0,0.0,0.0,0.0,0.0,0.0,0.0,0.0,0.0,0.0,0.0,0.0,0.0,0.0,0.0,0.0,0.0,0.0,0.0,9.30178978993055,0.0,0.0,0.0,0.0,0.0,0.0,62.8035072443868,0.0289483472429213,8.85308890965839,21.335496844574,13.0945597915468,16.9543923585242,2.53702099284044,0.0,0.0,62.8035072443868,0.0289483472429213,8.85308890965839,21.335496844574,13.0945597915468,16.9543923585242,2.53702099284044,0.0,0.0,0.0,51.06418605975083
NO,0.0,0.0,292.413980802329,0.0,54.4803534127178,0.0,0.0,0.0,0.0,0.0,0.0,0.0,0.0,0.0,0.0,0.0,0.0,0.0,0.0,0.0,0.0,0.0,0.0,0.0,0.0,0.0,0.0,0.0,0.0,0.0,0.0,0.0,0.0,0.485861080243595,0.45,0.642895030404756,0.672195805923585,0.906666666666667,0.716666666666667,2.13623980633529,0.0,0.0,0.0,0.0,0.0,0.0,0.0,0.0,0.0,0.0,0.0,33.5981876077494,0.0,0.0,5.35748338142855,0.573467324457723,0.0354011730468999,21.4108195321774,0.976238165006978,5.24477803163183,0.0,0.0,0.0,0.0,0.0,0.0,0.0,0.0,0.0,0.0,2.41666666666667,0.0742905309149136,13.8412478375955,0.0742905309149136,0.0742905309149136,0.0,0.0,0.0,0.0,0.0,0.0,0.0,0.0,0.0,0.0,0.0,0.0,0.329111792131349,0.45,0.484317520463485,0.625320546929019,0.644000997691076,0.5170310397926,1.75,0.0,6.98760572773906,0.0,0.0,0.0,0.0,6.72676040799508,0.26084531974398,0.0,0.0,0.0,0.0,0.0,0.0,0.0,0.0,0.0,0.0,0.83321393047619,0.0,0.0,0.0,0.0,0.83321393047619,0.0,0.0,0.0,0.0,0.0,0.0,0.0,0.0,0.0,0.0,0.0,0.0,0.0,0.0,0.0,0.0,0.0,0.0,0.0,0.0,0.0,0.0,0.0,0.0,0.0,0.0,0.0,0.0,0.0,9.98659820905923,0.0,0.0,0.0,0.0,0.0,0.0,51.4798960059388,0.0,5.35748338142855,0.573467324457723,0.0354011730468999,39.0316826106228,1.23708348475096,5.24477803163183,0.0,51.4798960059388,0.0,5.35748338142855,0.573467324457723,0.0354011730468999,39.0316826106228,1.23708348475096,5.24477803163183,0.0,0.0,40.58579333548846
