,Number of households,Non-household population rate,Total floor area,Average area of dwellings,Per capita residential floor area,Average household size,Total stock of dwellings,Stock of dwellings permanently occupied,Additional FEC related to heat uses for secondary or vacant dwellings (as a share of total residential FEC),Total number of existing occupied dwellings,Total m2 of existing occupied dwellings,Average area of existing occupied dwellings,Total number of new dwellings,Total m2 of new dwellings,Average area of new dwellings,Existing building destructions,Unit consumption per m2 for space heating with climatic corrections,Heating needs of the average housing stock,Heating needs of existing dwellings,Heating needs of renovated dwellings,Heating needs of new-build dwellings,Renovation pace of dwellings,Heating needs of unrenovated recently built buildings,Heating needs of unrenovated existing buildings not recently built,Average renovation pace,Stock of dwellings permanently occupied with coal/lignite/peat space heating,Stock of dwellings permanently occupied with solid biomass space heating,Stock of dwellings permanently occupied with oil space heating,Stock of dwellings permanently occupied with gas space heating (gas grid / gas consumed locally),Stock of dwellings permanently occupied with electric space heating,Stock of dwellings permanently occupied with heating network space heating,Stock of dwellings permanently occupied with ambient heat space heating (heat pump),Stock of dwellings permanently occupied with thermal solar space heating,Performance of domestic heating systems using solid fossil fuels (coal...),Performance of domestic heating systems using solid biomass,Performance of domestic oil-fired heating systems,Performance of domestic heating systems using gas grid / gas consumed locally,Performance of domestic electric heating systems,Performance of domestic heating systems using heating network,Performance of domestic heating systems using ambient heat (heat pumps…),Useful contribution of domestic thermal solar heating systems per solar-heated square metre,TOTAL FEC for space heating in the residential sector (secondary and vacant dwellings not or partially included),FEC from solid fossil fuels (coal ...) for space heating in the residential sector (secondary and vacant dwellings not or partially included),FEC from solid biomass for space heating in the residential sector (secondary and vacant dwellings not or partially included),FEC from oil for space heating in the residential sector (secondary and vacant dwellings not or partially included),FEC from gas grid / gas consumed locally for space heating in the residential sector (secondary and vacant dwellings not or partially included),Final electricity consumption for space heating in the residential sector (secondary and vacant dwellings not or partially included),FEC from heating networks for space heating in the residential sector (secondary and vacant dwellings not or partially included),Final energy consumption from ambient heat (heat pumps…) for space heating in the residential sector (secondary and vacant dwellings not or partially included),FEC from thermal solar for space heating in the residential sector (secondary and vacant dwellings not or partially included),Residential heating energy consumption per person,Total final energy consumption for space heating in the residential sector,Total final energy consumption for space heating in the residential sector (with climatic corrections) ,Final energy consumption from solid fossil fuels (coal ...) for space heating in the residential sector,Final energy consumption from solid biomass for space heating in the residential sector,Final oil consumption for space heating in the residential sector,Final energy consumption from gas grid / gas consumed locally for space heating in the residential sector,Final electricity consumption for space heating in the residential sector,Final energy consumption from heating networks for space heating in the residential sector,Final energy consumption from ambient heat (heat pumps…) for space heating in the residential sector,Final energy consumption from thermal solar for space heating in the residential sector,Rate of equipment ownership for air conditioning,Ownership rate of air-conditioning equipment in existing dwellings,Ownership rate of air-conditioning equipment in renovated dwellings,Ownership rate of air-conditioning equipment in new-build dwellings,Unit needs per equipped dwelling for cooling,Cooling needs per equipped dwellings,Cooling needs per equipped existing dwellings,Cooling needs per equipped renovated dwellings,Cooling needs per equipped new-build dwellings,Performance of domestic cooling systems,TOTAL FEC for cooling in the residential sector (secondary and vacant dwellings not or partially included),Residential cooling energy consumption per person,Total final energy consumption for cooling in the residential sector,Final electricity consumption for cooling in the residential sector,Final energy consumption from cooling network for cooling in the residential sector,Final energy consumption from thermal solar for cooling in the residential sector,Average domestic hot water needs (in useful energy) per person,Average domestic hot water needs (in volume) per person,Stock of dwellings permanently occupied with water heaters using solid fossil fuels (coal...),Stock of dwellings permanently occupied with water heaters using solid biomass,Stock of dwellings permanently occupied with oil-fired water heaters,Stock of dwellings permanently occupied with water heaters using gas grid / gas consumed locally,Stock of dwellings permanently occupied with electric water heaters,Stock of dwellings permanently occupied with water heaters using heating network,Stock of dwellings permanently occupied with thermodynamic water heaters,Stock of dwellings permanently occupied with thermal solar water heaters,Performance of domestic water heaters using solid fossil fuels (coal...),Performance of domestic water heaters using solid biomass,Performance of domestic oil-fired water heaters,Performance of domestic water heaters using gas grid / gas consumed locally,Performance of domestic electric water heaters,Performance of domestic water heaters using heating network,Performance of domestic thermodynamic water heaters,Share of DHW needs covered by thermal solar water heaters in equipped dwellings,Total final energy consumption for domestic hot water,Final energy consumption from solid fossil fuels (coal ...) for domestic hot water,Final energy consumption from solid biomass for domestic hot water,Final oil consumption for domestic hot water,Final energy consumption from gas grid / gas consumed locally for domestic hot water,Final electricity consumption for domestic hot water,Final energy consumption from heating networks for domestic hot water,Final energy consumption from ambient heat (heat pumps…) for domestic hot water,Final energy consumption from thermal solar for domestic hot water,Average duration of use for domestic cooking systems,Average duration of use for domestic ovens,Average duration of use for domestic hobs,Average duration of use for domestic microwave ovens,Performance of domestic cooking equipment,Performance of domestic ovens,Performance of domestic hobs,Performance of domestic mircowave ovens,Total final energy consumption for domestic cooking,Final energy consumption from solid fossil fuels (coal ...) for domestic cooking,Final energy consumption from solid biomass for domestic cooking,Final oil consumption for domestic cooking,Final energy consumption from gas grid / gas consumed locally for domestic cooking,Final electricity consumption for domestic cooking,Duration of use of domestic lighting,Level of use of domestic washing machines,Level of use of domestic dishwashers,Level of use of domestic dryers,Duration of use of TV,Duration of use of domestic IT equipment including new devices and excluding TV,Duration of use of other domestic electrical appliances including new devices (and standby not already accounted for),Rate of equipment ownership for refrigerator,Rate of equipment ownership for freezers,Rate of equipment ownership for washing machine,Rate of equipment ownership for dishwashers,Rate of equipment ownership for dryers,Rate of equipment ownership for TV (multi-equipment included),Rate of equipment ownership for domestic IT equipment including new devices and excluding TV,Rate of equipment ownership for other domestic electrical appliances including new devices (and standby not already accounted for),Unit consumption per dwelling for lighting,Unit consumption for lighting per m2,Unit consumption of domestic refrigerators,Unit consumption of domestic freezers,Unit consumption of domestic washing machines,Unit consumption of domestic dishwashers,Unit consumption of domestic dryers,Unit consumption of TV,Unit consumption of domestic IT equipment including new devices and excluding TV,Unit consumption of other domestic electrical appliances including new devices (and standby not already accounted for),Total electricity consumption for domestic equipment,Domestic electricity consumption for lighting,"Electricity consumption of households for large appliances (TV, refrigerator, freezer, washing machine, dishwasher, dryer)","Electricity consumption of households for small appliances (other: PC, coffe machine, video...)",Total domestic consumption of specific electricity,Domestic electricity consumption for lighting,"Electricity consumption of households for large appliances (TV, refrigerator, freezer, washing machine, dishwasher, dryer)","Electricity consumption of households for small appliances (other: PC, coffe machine, video...)",Energy sufficiency indicator for residential building management,Energy efficiency of residential building management equipment,Total final residential electricy consumption for building management,Total FEC in the residential sector (secondary and vacant dwellings not or partially included),FEC from solid fossil fuels (coal ...) in the residential sector (secondary and vacant dwellings not or partially included),FEC from solid biomass in the residential sector (secondary and vacant dwellings not or partially included),FEC from oil in the residential sector (secondary and vacant dwellings not or partially included),FEC from gas grid / gas consumed locally in the residential sector (secondary and vacant dwellings not or partially included),Final electricity consumption in the residential sector (secondary and vacant dwellings not or partially included),FEC from heating networks in the residential sector (secondary and vacant dwellings not or partially included),Final energy consumption from ambient heat (heat pumps…) in the residential sector (secondary and vacant dwellings not or partially included),FEC from thermal solar in the residential sector (secondary and vacant dwellings not or partially included),Total final energy consumption in the residential sector,Final energy consumption from solid fossil fuels (coal ...) in the residential sector,Final energy consumption from solid biomass in the residential sector,Final oil consumption in the residential sector,Final energy consumption from gas grid / gas consumed locally in the residential sector,Final electricity consumption in the residential sector,Final energy consumption from heating networks in the residential sector,Final energy consumption from ambient heat (heat pumps…) in the residential sector,Final energy consumption from thermal solar in the residential sector,Any general comment on the Residential sector?,Thermal_uses_residential
FR,0.0,0.0,2700.43241728734,0.0,40.4577405738226,0.0,0.0,0.0,0.0,0.0,0.0,0.0,0.0,0.0,0.0,0.0,0.0,0.0,0.0,0.0,0.0,0.0,0.0,0.0,0.0,0.0,0.0,0.0,0.0,0.0,0.0,0.0,0.0,0.571516648146157,0.55,0.685737018242854,0.703317483554151,0.92,0.75,3.28379796053803,0.0,0.0,0.0,0.0,0.0,0.0,0.0,0.0,0.0,0.0,0.0,239.892555723253,0.0,0.135302401420854,58.4791477099723,20.3728928527827,52.7101160094158,35.6495441779969,12.6508339335138,58.8577309275931,1.03698771055738,0.0,0.0,0.0,0.0,0.0,0.0,0.0,0.0,0.0,2.65,2.62966830217673,39.3975562149202,2.62966830217673,2.62966830217673,0.0,0.0,0.0,0.0,0.0,0.0,0.0,0.0,0.0,0.0,0.0,0.0,0.459538560996176,0.55,0.570590512278091,0.677263813874778,0.686400598614645,0.634361595310293,2.25,0.0,33.0338637121449,0.00708514205942917,0.829578747404499,2.05522349238603,4.94310695377904,17.277552891463,2.05594758190639,4.71328020712128,1.15208869602528,0.0,0.0,0.0,0.0,0.0,0.0,0.0,0.0,22.4553194061671,0.0,0.0,2.2844361559904,3.76039318491224,16.4104900652644,0.0,0.0,0.0,0.0,0.0,0.0,0.0,0.0,0.0,0.0,0.0,0.0,0.0,0.0,0.0,0.0,0.0,0.0,0.0,0.0,0.0,0.0,0.0,0.0,0.0,0.0,0.0,0.0,0.0,69.5430213472335,0.0,0.0,0.0,0.0,0.0,0.0,367.554428490975,0.142387543480283,59.3087264573768,24.7125525011591,61.4136161481071,141.510276784135,14.7067815154202,63.5710111347144,2.18907640658266,367.554428490975,0.142387543480283,59.3087264573768,24.7125525011591,61.4136161481071,141.510276784135,14.7067815154202,63.5710111347144,2.18907640658266,0.0,272.9264194353979
DE,0.0,0.0,3853.99549047069,0.0,46.1812433602634,0.0,0.0,0.0,0.0,0.0,0.0,0.0,0.0,0.0,0.0,0.0,0.0,0.0,0.0,0.0,0.0,0.0,0.0,0.0,0.0,0.0,0.0,0.0,0.0,0.0,0.0,0.0,0.0,0.571516648146157,0.55,0.685737018242854,0.703317483554151,0.92,0.75,2.99482374001069,0.0,0.0,0.0,0.0,0.0,0.0,0.0,0.0,0.0,0.0,0.0,351.759098942099,0.0,2.81282491858122,47.6907128124154,49.2158113121925,101.693223332944,29.9617214560956,44.319434525056,74.1123105575285,1.95306002728604,0.0,0.0,0.0,0.0,0.0,0.0,0.0,0.0,0.0,2.65,2.87627247637712,34.4654890049643,2.87627247637712,2.87627247637712,0.0,0.0,0.0,0.0,0.0,0.0,0.0,0.0,0.0,0.0,0.0,0.0,0.459538560996176,0.55,0.570590512278091,0.677263813874778,0.686400598614645,0.634361595310293,2.25,0.0,71.278350947117,0.0,4.8859209311208,6.03963292702781,18.4736080312814,23.9154572962073,2.50400074803056,10.4331768023265,5.02655421112268,0.0,0.0,0.0,0.0,0.0,0.0,0.0,0.0,26.9866580917542,0.0,0.0,0.0,0.384774347630859,26.6018837441234,0.0,0.0,0.0,0.0,0.0,0.0,0.0,0.0,0.0,0.0,0.0,0.0,0.0,0.0,0.0,0.0,0.0,0.0,0.0,0.0,0.0,0.0,0.0,0.0,0.0,0.0,0.0,0.0,0.0,66.6529206028618,0.0,0.0,0.0,0.0,0.0,0.0,519.553301060209,2.81282491858122,52.5766337435362,55.2554442392203,120.551605711856,150.008255575665,46.8234352730866,84.545487359855,6.97961423840872,519.553301060209,2.81282491858122,52.5766337435362,55.2554442392203,120.551605711856,150.008255575665,46.8234352730866,84.545487359855,6.97961423840872,0.0,423.037449889216
GB,0.0,0.0,2888.31998680208,0.0,41.0169237728527,0.0,0.0,0.0,0.0,0.0,0.0,0.0,0.0,0.0,0.0,0.0,0.0,0.0,0.0,0.0,0.0,0.0,0.0,0.0,0.0,0.0,0.0,0.0,0.0,0.0,0.0,0.0,0.0,0.571516648146157,0.55,0.685737018242854,0.703317483554151,0.92,0.75,2.99482374001069,0.0,0.0,0.0,0.0,0.0,0.0,0.0,0.0,0.0,0.0,0.0,246.371284978185,0.0,2.92845763154599,18.1217787646403,11.5980120172401,110.4617873393,49.6740823418056,3.71491528606487,48.5818599203748,1.29039167721373,0.0,0.0,0.0,0.0,0.0,0.0,0.0,0.0,0.0,2.65,1.08165905618162,15.3605996767481,1.08165905618162,1.08165905618162,0.0,0.0,0.0,0.0,0.0,0.0,0.0,0.0,0.0,0.0,0.0,0.0,0.459538560996176,0.55,0.570590512278091,0.677263813874778,0.686400598614645,0.634361595310293,2.25,0.0,54.0143350098172,0.0906344168841197,1.73175815479346,2.02415328606757,23.9237166127364,17.4848997451692,0.0,8.48965623376207,0.269516560404322,0.0,0.0,0.0,0.0,0.0,0.0,0.0,0.0,11.7966698624356,0.0,0.0,0.0,3.33279085484888,8.46387900758671,0.0,0.0,0.0,0.0,0.0,0.0,0.0,0.0,0.0,0.0,0.0,0.0,0.0,0.0,0.0,0.0,0.0,0.0,0.0,0.0,0.0,0.0,0.0,0.0,0.0,0.0,0.0,0.0,0.0,66.7540226812827,0.0,0.0,0.0,0.0,0.0,0.0,380.017971587902,3.01909204843011,19.8535369194337,13.6221653033077,137.718294806885,143.458542832026,3.71491528606487,57.0715161541368,1.55990823761805,380.017971587902,3.01909204843011,19.8535369194337,13.6221653033077,137.718294806885,143.458542832026,3.71491528606487,57.0715161541368,1.55990823761805,0.0,300.3856199880022
IT,0.0,0.0,2336.12856603272,0.0,38.972817255852,0.0,0.0,0.0,0.0,0.0,0.0,0.0,0.0,0.0,0.0,0.0,0.0,0.0,0.0,0.0,0.0,0.0,0.0,0.0,0.0,0.0,0.0,0.0,0.0,0.0,0.0,0.0,0.0,0.571516648146157,0.55,0.685737018242854,0.703317483554151,0.92,0.75,3.66909692124116,0.0,0.0,0.0,0.0,0.0,0.0,0.0,0.0,0.0,0.0,0.0,192.663081853287,0.0,0.0,53.3745327080646,9.11111230673119,67.8714652159652,12.5796941524062,12.1016155676041,36.8014978971294,0.823164005386244,0.0,0.0,0.0,0.0,0.0,0.0,0.0,0.0,0.0,2.65,6.18646476921032,103.206631867719,6.18646476921032,6.18646476921032,0.0,0.0,0.0,0.0,0.0,0.0,0.0,0.0,0.0,0.0,0.0,0.0,0.459538560996176,0.55,0.570590512278091,0.677263813874778,0.686400598614645,0.634361595310293,2.25,0.0,29.0658741891562,0.0,1.5108829762982,1.22996508776697,9.9610834134384,9.91083853247846,1.03568253566639,4.24281275796058,1.17460888554719,0.0,0.0,0.0,0.0,0.0,0.0,0.0,0.0,22.5111272695625,0.0,0.283350797543455,1.21197300296305,8.49283836752772,12.5229651015283,0.0,0.0,0.0,0.0,0.0,0.0,0.0,0.0,0.0,0.0,0.0,0.0,0.0,0.0,0.0,0.0,0.0,0.0,0.0,0.0,0.0,0.0,0.0,0.0,0.0,0.0,0.0,0.0,0.0,45.7339178493599,0.0,0.0,0.0,0.0,0.0,0.0,296.160465930576,0.0,55.1687664819063,11.5530503974612,86.3253869969313,86.9338804049832,13.1372981032705,41.04431065509,1.99777289093343,296.160465930576,0.0,55.1687664819063,11.5530503974612,86.3253869969313,86.9338804049832,13.1372981032705,41.04431065509,1.99777289093343,0.0,221.7289560424432
ES,0.0,0.0,1896.79825268669,0.0,38.9115563733578,0.0,0.0,0.0,0.0,0.0,0.0,0.0,0.0,0.0,0.0,0.0,0.0,0.0,0.0,0.0,0.0,0.0,0.0,0.0,0.0,0.0,0.0,0.0,0.0,0.0,0.0,0.0,0.0,0.571516648146157,0.55,0.685737018242854,0.703317483554151,0.92,0.75,3.66909692124116,0.0,0.0,0.0,0.0,0.0,0.0,0.0,0.0,0.0,0.0,0.0,72.3037673745846,0.0,0.379897004543104,23.9764350113598,13.7187605866648,8.63885589664689,10.3889664615539,0.0,14.7800365087393,0.42081590507683,0.0,0.0,0.0,0.0,0.0,0.0,0.0,0.0,0.0,2.65,4.74333166738212,97.3062988177263,4.74333166738212,4.74333166738212,0.0,0.0,0.0,0.0,0.0,0.0,0.0,0.0,0.0,0.0,0.0,0.0,0.459538560996176,0.55,0.570590512278091,0.677263813874778,0.686400598614645,0.634361595310293,2.25,0.0,21.0778085614247,0.0185481206287186,0.669550127520322,2.55257319484922,5.00807469841586,7.59710828269808,0.0,3.16990052236416,2.06205361494832,0.0,0.0,0.0,0.0,0.0,0.0,0.0,0.0,12.0903769995011,0.0466410648922798,0.151324579796624,1.03319802207162,1.70215482344824,9.15705850929232,0.0,0.0,0.0,0.0,0.0,0.0,0.0,0.0,0.0,0.0,0.0,0.0,0.0,0.0,0.0,0.0,0.0,0.0,0.0,0.0,0.0,0.0,0.0,0.0,0.0,0.0,0.0,0.0,0.0,44.2912373327358,0.0,0.0,0.0,0.0,0.0,0.0,154.506521935628,0.445086190064102,24.7973097186767,17.3045318035857,15.349085418511,76.1777022536623,0.0,17.9499370311034,2.48286952002515,154.506521935628,0.445086190064102,24.7973097186767,17.3045318035856,15.349085418511,76.1777022536623,0.0,17.9499370311034,2.48286952002515,0.0,93.3815759360093
PL,0.0,0.0,1178.68252148356,0.0,31.8404046080359,0.0,0.0,0.0,0.0,0.0,0.0,0.0,0.0,0.0,0.0,0.0,0.0,0.0,0.0,0.0,0.0,0.0,0.0,0.0,0.0,0.0,0.0,0.0,0.0,0.0,0.0,0.0,0.0,0.571516648146157,0.55,0.685737018242854,0.703317483554151,0.92,0.75,2.99482374001069,0.0,0.0,0.0,0.0,0.0,0.0,0.0,0.0,0.0,0.0,0.0,127.145108923826,0.0,34.0158722746877,21.6065385968678,0.581176147403836,11.2868969427063,6.21511137275662,35.4491528475862,17.4667648807397,0.523595861077297,0.0,0.0,0.0,0.0,0.0,0.0,0.0,0.0,0.0,2.65,0.563721366875124,15.2281179031205,0.563721366875124,0.563721366875124,0.0,0.0,0.0,0.0,0.0,0.0,0.0,0.0,0.0,0.0,0.0,0.0,0.459538560996176,0.55,0.570590512278091,0.677263813874778,0.686400598614645,0.634361595310293,2.25,0.0,27.6933650470651,2.56488810363577,1.36901915731209,0.16581626073808,4.2261278629076,5.82518108113332,10.1379124025761,2.97259758302434,0.431822595737807,0.0,0.0,0.0,0.0,0.0,0.0,0.0,0.0,15.7256910804809,0.406685091389608,0.270238135608733,2.53612817098004,3.65150892988785,8.86113075261463,0.0,0.0,0.0,0.0,0.0,0.0,0.0,0.0,0.0,0.0,0.0,0.0,0.0,0.0,0.0,0.0,0.0,0.0,0.0,0.0,0.0,0.0,0.0,0.0,0.0,0.0,0.0,0.0,0.0,21.7830558298826,0.0,0.0,0.0,0.0,0.0,0.0,192.910942248129,36.9874454697131,23.2457958897886,3.28312057912195,19.1645337355018,43.2482004032623,45.5870652501623,20.4393624637641,0.955418456815104,192.910942248129,36.9874454697131,23.2457958897886,3.28312057912195,19.1645337355018,43.2482004032623,45.5870652501623,20.4393624637641,0.955418456815104,0.0,154.8384739708911
SE,0.0,0.0,529.254648305802,0.0,47.6847531046896,0.0,0.0,0.0,0.0,0.0,0.0,0.0,0.0,0.0,0.0,0.0,0.0,0.0,0.0,0.0,0.0,0.0,0.0,0.0,0.0,0.0,0.0,0.0,0.0,0.0,0.0,0.0,0.0,0.571516648146157,0.55,0.685737018242854,0.703317483554151,0.92,0.75,2.73211990316764,0.0,0.0,0.0,0.0,0.0,0.0,0.0,0.0,0.0,0.0,0.0,46.3274655022277,0.0,0.0,7.77442349283811,1.11858579933219,0.264180486171977,9.64146329196398,22.8001728399471,4.47781038097604,0.250829210998287,0.0,0.0,0.0,0.0,0.0,0.0,0.0,0.0,0.0,2.65,0.157665679889427,14.2053528347403,0.157665679889427,0.157665679889427,0.0,0.0,0.0,0.0,0.0,0.0,0.0,0.0,0.0,0.0,0.0,0.0,0.459538560996176,0.55,0.570590512278091,0.677263813874778,0.686400598614645,0.634361595310293,2.25,0.0,9.53162274114561,0.0,0.51675032401561,0.162561142389295,0.0380128938012769,2.87843412203587,5.21656657177427,0.668125490810315,0.0511721963189691,0.0,0.0,0.0,0.0,0.0,0.0,0.0,0.0,1.27392231241447,0.0,0.0,0.0,0.0103353499838876,1.26358696243058,0.0,0.0,0.0,0.0,0.0,0.0,0.0,0.0,0.0,0.0,0.0,0.0,0.0,0.0,0.0,0.0,0.0,0.0,0.0,0.0,0.0,0.0,0.0,0.0,0.0,0.0,0.0,0.0,0.0,21.5212247277455,0.0,0.0,0.0,0.0,0.0,0.0,78.8119009634227,0.0,8.29117381685372,1.28114694172148,0.312528729957141,35.4623747840653,28.0167394117214,5.14593587178636,0.302001407317256,78.8119009634227,0.0,8.29117381685372,1.28114694172148,0.312528729957141,35.4623747840653,28.0167394117214,5.14593587178636,0.302001407317256,0.0,55.859088243373314
NL,0.0,0.0,910.31162813815,0.0,50.6576240635805,0.0,0.0,0.0,0.0,0.0,0.0,0.0,0.0,0.0,0.0,0.0,0.0,0.0,0.0,0.0,0.0,0.0,0.0,0.0,0.0,0.0,0.0,0.0,0.0,0.0,0.0,0.0,0.0,0.571516648146157,0.55,0.685737018242854,0.703317483554151,0.92,0.75,3.28379796053803,0.0,0.0,0.0,0.0,0.0,0.0,0.0,0.0,0.0,0.0,0.0,63.3787767909748,0.0,0.00629704916122107,3.26163460434924,0.22511512527845,32.7726870886143,10.9327402633112,3.07199683975007,12.8547907133465,0.253515107163899,0.0,0.0,0.0,0.0,0.0,0.0,0.0,0.0,0.0,2.65,0.543564618002337,30.2486436752923,0.543564618002337,0.543564618002337,0.0,0.0,0.0,0.0,0.0,0.0,0.0,0.0,0.0,0.0,0.0,0.0,0.459538560996176,0.55,0.570590512278091,0.677263813874778,0.686400598614645,0.634361595310293,2.25,0.0,10.5632744553543,0.0,0.233547965395396,0.0,4.94723481315087,3.10343919325627,0.570231125941299,1.55698643596931,0.151834921641144,0.0,0.0,0.0,0.0,0.0,0.0,0.0,0.0,2.49844671054175,0.0,0.0,0.0,0.867970106700849,1.63047660384091,0.0,0.0,0.0,0.0,0.0,0.0,0.0,0.0,0.0,0.0,0.0,0.0,0.0,0.0,0.0,0.0,0.0,0.0,0.0,0.0,0.0,0.0,0.0,0.0,0.0,0.0,0.0,0.0,0.0,16.3756193839601,0.0,0.0,0.0,0.0,0.0,0.0,93.3596819588334,0.00629704916122107,3.49518256974464,0.22511512527845,38.587892008466,32.5858400623708,3.64222796569137,14.4117771493158,0.405350028805044,93.3596819588334,0.00629704916122107,3.49518256974464,0.22511512527845,38.587892008466,32.5858400623708,3.64222796569137,14.4117771493158,0.405350028805044,0.0,73.9420512463291
BE,0.0,0.0,646.739360158638,0.0,55.0042447866207,0.0,0.0,0.0,0.0,0.0,0.0,0.0,0.0,0.0,0.0,0.0,0.0,0.0,0.0,0.0,0.0,0.0,0.0,0.0,0.0,0.0,0.0,0.0,0.0,0.0,0.0,0.0,0.0,0.571516648146157,0.55,0.685737018242854,0.703317483554151,0.92,0.75,3.28379796053803,0.0,0.0,0.0,0.0,0.0,0.0,0.0,0.0,0.0,0.0,0.0,57.0229883063142,0.0,0.343168961909265,5.04886052343065,13.0262750100175,16.0833660561371,10.5879250494739,0.203522350349664,11.4749897792505,0.254880575745723,0.0,0.0,0.0,0.0,0.0,0.0,0.0,0.0,0.0,2.65,0.378076692725623,32.1548744917816,0.378076692725623,0.378076692725623,0.0,0.0,0.0,0.0,0.0,0.0,0.0,0.0,0.0,0.0,0.0,0.0,0.459538560996176,0.55,0.570590512278091,0.677263813874778,0.686400598614645,0.634361595310293,2.25,0.0,7.37828521811229,0.00108944299173742,0.187285308898655,0.609738042630901,1.92239493704617,3.3114542308467,0.0,1.17168491929489,0.174638336403242,0.0,0.0,0.0,0.0,0.0,0.0,0.0,0.0,1.488052198396,0.0,0.0,0.0338147901387867,0.22745351742716,1.22678389083005,0.0,0.0,0.0,0.0,0.0,0.0,0.0,0.0,0.0,0.0,0.0,0.0,0.0,0.0,0.0,0.0,0.0,0.0,0.0,0.0,0.0,0.0,0.0,0.0,0.0,0.0,0.0,0.0,0.0,10.4040218984203,0.0,0.0,0.0,0.0,0.0,0.0,76.6714243139684,0.344258404901002,5.2361458323293,13.6698278427872,18.2332145106104,25.9082617622966,0.203522350349664,12.6466746985453,0.429518912148965,76.6714243139684,0.344258404901002,5.2361458323293,13.6698278427872,18.2332145106104,25.9082617622966,0.203522350349664,12.6466746985453,0.429518912148965,0.0,64.40127352442649
FI,0.0,0.0,286.896698252476,0.0,51.9806501211705,0.0,0.0,0.0,0.0,0.0,0.0,0.0,0.0,0.0,0.0,0.0,0.0,0.0,0.0,0.0,0.0,0.0,0.0,0.0,0.0,0.0,0.0,0.0,0.0,0.0,0.0,0.0,0.0,0.571516648146157,0.55,0.685737018242854,0.703317483554151,0.92,0.75,2.73211990316764,0.0,0.0,0.0,0.0,0.0,0.0,0.0,0.0,0.0,0.0,0.0,32.489179984404,0.0,0.0127909396530015,8.99458941499115,1.12560268946413,0.0971130030339533,5.4756558461737,12.3136305450906,4.32970963041903,0.140087915578413,0.0,0.0,0.0,0.0,0.0,0.0,0.0,0.0,0.0,2.65,0.200332852922033,36.2967995063924,0.200332852922033,0.200332852922033,0.0,0.0,0.0,0.0,0.0,0.0,0.0,0.0,0.0,0.0,0.0,0.0,0.459538560996176,0.55,0.570590512278091,0.677263813874778,0.686400598614645,0.634361595310293,2.25,0.0,5.676343538581,0.00435367451324101,0.18903230046335,0.188078738972012,0.0176490212160014,1.47445696089062,3.1287404842428,0.647069726474713,0.0269626318082598,0.0,0.0,0.0,0.0,0.0,0.0,0.0,0.0,0.613074184578301,0.0,0.0,0.0232200992716408,0.00249285348607652,0.587361231820584,0.0,0.0,0.0,0.0,0.0,0.0,0.0,0.0,0.0,0.0,0.0,0.0,0.0,0.0,0.0,0.0,0.0,0.0,0.0,0.0,0.0,0.0,0.0,0.0,0.0,0.0,0.0,0.0,0.0,8.08068052535316,0.0,0.0,0.0,0.0,0.0,0.0,47.0596110858385,0.0171446141662425,9.1836217154545,1.33690152770778,0.117254877736031,15.8184874171601,15.4423710293334,4.97677935689375,0.167050547386673,47.0596110858385,0.0171446141662425,9.1836217154545,1.33690152770778,0.117254877736031,15.8184874171601,15.4423710293334,4.97677935689375,0.167050547386673,0.0,38.165523522985
CZ,0.0,0.0,383.775996717673,0.0,35.6597093410377,0.0,0.0,0.0,0.0,0.0,0.0,0.0,0.0,0.0,0.0,0.0,0.0,0.0,0.0,0.0,0.0,0.0,0.0,0.0,0.0,0.0,0.0,0.0,0.0,0.0,0.0,0.0,0.0,0.571516648146157,0.55,0.685737018242854,0.703317483554151,0.92,0.75,2.99482374001069,0.0,0.0,0.0,0.0,0.0,0.0,0.0,0.0,0.0,0.0,0.0,44.9622895005301,0.0,4.85555336426675,14.2691697476712,0.216378808122022,6.70162668573484,3.39049700132426,8.52719276319818,6.81255703986005,0.189314090352783,0.0,0.0,0.0,0.0,0.0,0.0,0.0,0.0,0.0,2.65,0.266191202412522,24.7339619683274,0.266191202412522,0.266191202412522,0.0,0.0,0.0,0.0,0.0,0.0,0.0,0.0,0.0,0.0,0.0,0.0,0.459538560996176,0.55,0.570590512278091,0.677263813874778,0.686400598614645,0.634361595310293,2.25,0.0,9.37542688399357,0.106777442111192,0.484614381318574,0.0,1.77661748334817,3.10077882174947,2.56398654119237,1.25435551558141,0.0882966986923822,0.0,0.0,0.0,0.0,0.0,0.0,0.0,0.0,5.43419827008897,0.00517496590015934,0.0702697729961262,0.0686529859365807,1.39834770427007,3.89175284098603,0.0,0.0,0.0,0.0,0.0,0.0,0.0,0.0,0.0,0.0,0.0,0.0,0.0,0.0,0.0,0.0,0.0,0.0,0.0,0.0,0.0,0.0,0.0,0.0,0.0,0.0,0.0,0.0,0.0,6.20009250463188,0.0,0.0,0.0,0.0,0.0,0.0,66.238198361657,4.9675057722781,14.8240539019859,0.285031794058603,9.87659187335308,16.8493123711042,11.0911793043906,8.06691255544146,0.277610789045165,66.2381983616571,4.9675057722781,14.8240539019859,0.285031794058603,9.87659187335308,16.8493123711042,11.0911793043906,8.06691255544146,0.277610789045165,0.0,54.33771638452367
DK,0.0,0.0,330.145900461823,0.0,55.3603726591357,0.0,0.0,0.0,0.0,0.0,0.0,0.0,0.0,0.0,0.0,0.0,0.0,0.0,0.0,0.0,0.0,0.0,0.0,0.0,0.0,0.0,0.0,0.0,0.0,0.0,0.0,0.0,0.0,0.571516648146157,0.55,0.685737018242854,0.703317483554151,0.92,0.75,2.99482374001069,0.0,0.0,0.0,0.0,0.0,0.0,0.0,0.0,0.0,0.0,0.0,36.6803525026048,0.0,0.0,10.2955296448189,0.950878601206613,3.62803410347396,1.91724338471946,15.8739856211701,3.77312138604301,0.241559761172753,0.0,0.0,0.0,0.0,0.0,0.0,0.0,0.0,0.0,2.65,0.0992631146028358,16.6448924794537,0.0992631146028358,0.0992631146028358,0.0,0.0,0.0,0.0,0.0,0.0,0.0,0.0,0.0,0.0,0.0,0.0,0.459538560996176,0.55,0.570590512278091,0.677263813874778,0.686400598614645,0.634361595310293,2.25,0.0,6.41898153083683,0.0,0.242424484386803,0.285618782801804,0.586666734042234,0.819649335972994,4.09396872413888,0.35796364030335,0.0326898291907617,0.0,0.0,0.0,0.0,0.0,0.0,0.0,0.0,0.812051738231428,0.0,0.0,0.0,0.013105157735147,0.798946580496281,0.0,0.0,0.0,0.0,0.0,0.0,0.0,0.0,0.0,0.0,0.0,0.0,0.0,0.0,0.0,0.0,0.0,0.0,0.0,0.0,0.0,0.0,0.0,0.0,0.0,0.0,0.0,0.0,0.0,6.47102954396288,0.0,0.0,0.0,0.0,0.0,0.0,50.4816784302388,0.0,10.5379541292057,1.23649738400842,4.22780599525134,10.1061319597545,19.967954345309,4.13108502634636,0.274249590363515,50.4816784302388,0.0,10.5379541292057,1.23649738400842,4.22780599525134,10.1061319597545,19.967954345309,4.13108502634636,0.274249590363515,0.0,43.09933403344163
PT,0.0,0.0,408.273269566478,0.0,40.4666156381723,0.0,0.0,0.0,0.0,0.0,0.0,0.0,0.0,0.0,0.0,0.0,0.0,0.0,0.0,0.0,0.0,0.0,0.0,0.0,0.0,0.0,0.0,0.0,0.0,0.0,0.0,0.0,0.0,0.571516648146157,0.55,0.685737018242854,0.703317483554151,0.92,0.75,3.66909692124116,0.0,0.0,0.0,0.0,0.0,0.0,0.0,0.0,0.0,0.0,0.0,7.21886515092639,0.0,0.0,3.62004155906419,0.246618189534395,0.0469034001839707,0.916672687471606,0.013535214836669,2.32069207068483,0.0544020291507302,0.0,0.0,0.0,0.0,0.0,0.0,0.0,0.0,0.0,2.65,0.772010036220068,76.5189291909842,0.772010036220068,0.772010036220068,0.0,0.0,0.0,0.0,0.0,0.0,0.0,0.0,0.0,0.0,0.0,0.0,0.459538560996176,0.55,0.570590512278091,0.677263813874778,0.686400598614645,0.634361595310293,2.25,0.0,4.26571486828075,0.0,0.287604531313958,0.944968778266622,0.744145805623447,1.2266825030085,0.0,0.598244687400112,0.464068562668116,0.0,0.0,0.0,0.0,0.0,0.0,0.0,0.0,8.88527757722304,0.0,1.45886062628484,0.721850626059345,0.428071287667402,6.27649503721145,0.0,0.0,0.0,0.0,0.0,0.0,0.0,0.0,0.0,0.0,0.0,0.0,0.0,0.0,0.0,0.0,0.0,0.0,0.0,0.0,0.0,0.0,0.0,0.0,0.0,0.0,0.0,0.0,0.0,5.77252696987961,0.0,0.0,0.0,0.0,0.0,0.0,26.9143946025299,0.0,5.36650671666299,1.91343759386036,1.21912049347482,14.9643872337912,0.013535214836669,2.91893675808494,0.518470591818846,26.9143946025299,0.0,5.36650671666299,1.91343759386036,1.21912049347482,14.9643872337912,0.013535214836669,2.91893675808494,0.518470591818846,0.0,11.48458001920714
RO,0.0,0.0,520.295191000599,0.0,29.2169357030884,0.0,0.0,0.0,0.0,0.0,0.0,0.0,0.0,0.0,0.0,0.0,0.0,0.0,0.0,0.0,0.0,0.0,0.0,0.0,0.0,0.0,0.0,0.0,0.0,0.0,0.0,0.0,0.0,0.571516648146157,0.55,0.685737018242854,0.703317483554151,0.92,0.75,3.28379796053803,0.0,0.0,0.0,0.0,0.0,0.0,0.0,0.0,0.0,0.0,0.0,44.7545263789655,0.0,0.127608736609568,18.3586609565213,0.0022603005655916,8.10310861123159,2.02387301037037,10.0445877277483,5.91540893040298,0.179018105515862,0.0,0.0,0.0,0.0,0.0,0.0,0.0,0.0,0.0,2.65,0.901926183807621,50.6472475183974,0.901926183807621,0.901926183807621,0.0,0.0,0.0,0.0,0.0,0.0,0.0,0.0,0.0,0.0,0.0,0.0,0.459538560996176,0.55,0.570590512278091,0.677263813874778,0.686400598614645,0.634361595310293,2.25,0.0,10.1880282661621,0.039135727173954,2.21045863805645,0.318132954616996,2.91287392955957,3.0620604517699,0.0,1.5969734307209,0.0483931342642697,0.0,0.0,0.0,0.0,0.0,0.0,0.0,0.0,8.07824797662594,0.0154952602531597,0.265496551975199,1.32625536625194,2.63085660308,3.84014419506564,0.0,0.0,0.0,0.0,0.0,0.0,0.0,0.0,0.0,0.0,0.0,0.0,0.0,0.0,0.0,0.0,0.0,0.0,0.0,0.0,0.0,0.0,0.0,0.0,0.0,0.0,0.0,0.0,0.0,10.5747855283966,0.0,0.0,0.0,0.0,0.0,0.0,74.4975143339578,0.182239724036682,20.8346161465529,1.64664862143452,13.6468391438712,20.4027893694102,10.0445877277483,7.51238236112388,0.227411239780132,74.4975143339578,0.182239724036682,20.8346161465529,1.64664862143452,13.6468391438712,20.4027893694102,10.0445877277483,7.51238236112388,0.227411239780132,0.0,54.9425546451276
AT,0.0,0.0,401.415643017414,0.0,43.8753524037667,0.0,0.0,0.0,0.0,0.0,0.0,0.0,0.0,0.0,0.0,0.0,0.0,0.0,0.0,0.0,0.0,0.0,0.0,0.0,0.0,0.0,0.0,0.0,0.0,0.0,0.0,0.0,0.0,0.571516648146157,0.55,0.685737018242854,0.703317483554151,0.92,0.75,2.99482374001069,0.0,0.0,0.0,0.0,0.0,0.0,0.0,0.0,0.0,0.0,0.0,45.9675386606522,0.0,0.109183924569053,15.0263551069914,5.10338922146438,7.19247231927193,3.00290788758339,9.53962520478075,5.61708077176049,0.376524224230767,0.0,0.0,0.0,0.0,0.0,0.0,0.0,0.0,0.0,2.65,0.291772171171767,31.8911508668287,0.291772171171767,0.291772171171767,0.0,0.0,0.0,0.0,0.0,0.0,0.0,0.0,0.0,0.0,0.0,0.0,0.459538560996176,0.55,0.570590512278091,0.677263813874778,0.686400598614645,0.634361595310293,2.25,0.0,7.91422498514268,0.00286461387706864,0.813833977446846,0.413530094202438,0.69953290830747,3.07793182890364,0.869812104008644,1.34145704602873,0.695262412367843,0.0,0.0,0.0,0.0,0.0,0.0,0.0,0.0,1.31554399141307,0.000216602936905197,0.0269675365206468,0.00145020375017527,0.0330751742902336,1.25383447391511,0.0,0.0,0.0,0.0,0.0,0.0,0.0,0.0,0.0,0.0,0.0,0.0,0.0,0.0,0.0,0.0,0.0,0.0,0.0,0.0,0.0,0.0,0.0,0.0,0.0,0.0,0.0,0.0,0.0,7.2547833643331,0.0,0.0,0.0,0.0,0.0,0.0,62.7438631727128,0.112265141383027,15.8671566209589,5.518369519417,7.92508040186963,14.881229725907,10.4094373087894,6.95853781778922,1.07178663659861,62.7438631727128,0.112265141383027,15.8671566209589,5.518369519417,7.92508040186963,14.881229725907,10.4094373087894,6.95853781778922,1.07178663659861,0.0,53.881763645794884
BG,0.0,0.0,224.8580990854,0.0,34.8601210061368,0.0,0.0,0.0,0.0,0.0,0.0,0.0,0.0,0.0,0.0,0.0,0.0,0.0,0.0,0.0,0.0,0.0,0.0,0.0,0.0,0.0,0.0,0.0,0.0,0.0,0.0,0.0,0.0,0.571516648146157,0.55,0.685737018242854,0.703317483554151,0.92,0.75,3.28379796053803,0.0,0.0,0.0,0.0,0.0,0.0,0.0,0.0,0.0,0.0,0.0,14.5374637596166,0.0,0.824794452454684,6.92948862381803,0.00537579222539861,0.462120248375028,1.28661761691095,3.41835487466964,1.55256229612443,0.0581498550384665,0.0,0.0,0.0,0.0,0.0,0.0,0.0,0.0,0.0,2.65,0.410721465811621,63.6748245059795,0.410721465811621,0.410721465811621,0.0,0.0,0.0,0.0,0.0,0.0,0.0,0.0,0.0,0.0,0.0,0.0,0.459538560996176,0.55,0.570590512278091,0.677263813874778,0.686400598614645,0.634361595310293,2.25,0.0,3.13422070226417,0.00820189597270491,0.112413875669112,0.00234190160400551,0.0441066787726656,1.56921752754759,0.986433364904027,0.325819402804525,0.0856860549895477,0.0,0.0,0.0,0.0,0.0,0.0,0.0,0.0,1.00481581019125,0.00411813371547891,0.0626538867431558,0.057620876693583,0.0116856342164696,0.868737278822564,0.0,0.0,0.0,0.0,0.0,0.0,0.0,0.0,0.0,0.0,0.0,0.0,0.0,0.0,0.0,0.0,0.0,0.0,0.0,0.0,0.0,0.0,0.0,0.0,0.0,0.0,0.0,0.0,0.0,4.12191339941735,0.0,0.0,0.0,0.0,0.0,0.0,23.209135137301,0.837114482142868,7.1045563862303,0.0653385705229872,0.517912561364163,8.25720728851007,4.40478823957366,1.87838169892896,0.143835910028014,23.209135137301,0.837114482142868,7.1045563862303,0.0653385705229872,0.517912561364163,8.25720728851008,4.40478823957366,1.87838169892896,0.143835910028014,0.0,17.67168446188077
EE,0.0,0.0,45.2801702682305,0.0,34.6063581822792,0.0,0.0,0.0,0.0,0.0,0.0,0.0,0.0,0.0,0.0,0.0,0.0,0.0,0.0,0.0,0.0,0.0,0.0,0.0,0.0,0.0,0.0,0.0,0.0,0.0,0.0,0.0,0.0,0.571516648146157,0.55,0.685737018242854,0.703317483554151,0.92,0.75,2.73211990316764,0.0,0.0,0.0,0.0,0.0,0.0,0.0,0.0,0.0,0.0,0.0,5.06931199218734,0.0,0.00467324884229296,2.55105153736381,0.00792646729773462,0.179134124941166,0.153707402831054,2.15254196294253,0.0,0.0202772479687493,0.0,0.0,0.0,0.0,0.0,0.0,0.0,0.0,0.0,2.65,0.016874574969238,12.8967621389201,0.016874574969238,0.016874574969238,0.0,0.0,0.0,0.0,0.0,0.0,0.0,0.0,0.0,0.0,0.0,0.0,0.459538560996176,0.55,0.570590512278091,0.677263813874778,0.686400598614645,0.634361595310293,2.25,0.0,1.15127948288088,0.000868742470455132,0.180123402306564,0.00140845912188173,0.0385790241813957,0.16565398988232,0.68758126150456,0.0715960258700232,0.0054685775436842,0.0,0.0,0.0,0.0,0.0,0.0,0.0,0.0,1.39968929377439,0.0,0.203972078852082,0.101179370187643,0.12250079054313,0.972037054191532,0.0,0.0,0.0,0.0,0.0,0.0,0.0,0.0,0.0,0.0,0.0,0.0,0.0,0.0,0.0,0.0,0.0,0.0,0.0,0.0,0.0,0.0,0.0,0.0,0.0,0.0,0.0,0.0,0.0,0.896687805379414,0.0,0.0,0.0,0.0,0.0,0.0,8.53384314919126,0.00554199131274809,2.93514701852245,0.11051429660726,0.340213939665692,2.20496082725356,2.84012322444709,0.0715960258700232,0.0257458255124335,8.53384314919126,0.00554199131274809,2.93514701852245,0.11051429660726,0.340213939665692,2.20496082725356,2.84012322444709,0.0715960258700232,0.0257458255124335,0.0,6.22059147506822
GR,0.0,0.0,375.42834000629,0.0,36.4380328447754,0.0,0.0,0.0,0.0,0.0,0.0,0.0,0.0,0.0,0.0,0.0,0.0,0.0,0.0,0.0,0.0,0.0,0.0,0.0,0.0,0.0,0.0,0.0,0.0,0.0,0.0,0.0,0.0,0.571516648146157,0.55,0.685737018242854,0.703317483554151,0.92,0.75,3.66909692124116,0.0,0.0,0.0,0.0,0.0,0.0,0.0,0.0,0.0,0.0,0.0,24.7595582481636,0.0,0.0265354035491599,6.73319156586061,6.56773321616633,2.07765047809552,3.13589503086146,0.792690243596772,5.3268240770411,0.0990382329926544,0.0,0.0,0.0,0.0,0.0,0.0,0.0,0.0,0.0,2.65,1.3870354588015,134.62181252441,1.3870354588015,1.3870354588015,0.0,0.0,0.0,0.0,0.0,0.0,0.0,0.0,0.0,0.0,0.0,0.0,0.459538560996176,0.55,0.570590512278091,0.677263813874778,0.686400598614645,0.634361595310293,2.25,0.0,3.63652923044213,0.0,0.0883262032281859,0.136458399465421,0.130160443933484,1.59588108231115,0.0278297973799507,0.456220651270844,1.2016526528531,0.0,0.0,0.0,0.0,0.0,0.0,0.0,0.0,4.33764139708754,0.0,0.0969401473885075,0.567165892623254,0.0197894262792954,3.65374593079648,0.0,0.0,0.0,0.0,0.0,0.0,0.0,0.0,0.0,0.0,0.0,0.0,0.0,0.0,0.0,0.0,0.0,0.0,0.0,0.0,0.0,0.0,0.0,0.0,0.0,0.0,0.0,0.0,0.0,8.81344866593528,0.0,0.0,0.0,0.0,0.0,0.0,42.9342130004301,0.0265354035491599,6.9184579164773,7.271357508255,2.22760034830829,18.5860061687059,0.820520040976723,5.78304472831195,1.30069088584575,42.9342130004301,0.0265354035491599,6.9184579164773,7.271357508255,2.22760034830829,18.5860061687059,0.820520040976723,5.78304472831195,1.30069088584575,0.0,28.39608747860573
LV,0.0,0.0,56.4500387818447,0.0,32.9587917775576,0.0,0.0,0.0,0.0,0.0,0.0,0.0,0.0,0.0,0.0,0.0,0.0,0.0,0.0,0.0,0.0,0.0,0.0,0.0,0.0,0.0,0.0,0.0,0.0,0.0,0.0,0.0,0.0,0.571516648146157,0.55,0.685737018242854,0.703317483554151,0.92,0.75,2.73211990316764,0.0,0.0,0.0,0.0,0.0,0.0,0.0,0.0,0.0,0.0,0.0,6.44544194441216,0.0,0.0273901735632315,3.37404318418227,0.115655822040112,0.296578447057188,0.0281721409216144,2.5778204088701,0.0,0.0257817677776486,0.0,0.0,0.0,0.0,0.0,0.0,0.0,0.0,0.0,2.65,0.0226121550442539,13.2022816250944,0.0226121550442539,0.0226121550442539,0.0,0.0,0.0,0.0,0.0,0.0,0.0,0.0,0.0,0.0,0.0,0.0,0.459538560996176,0.55,0.570590512278091,0.677263813874778,0.686400598614645,0.634361595310293,2.25,0.0,1.56145973937482,0.00307702183959022,0.257660884003577,0.0301039273434609,0.0812777556920166,0.352296205934747,0.694892906913741,0.134734103885661,0.00741693376203042,0.0,0.0,0.0,0.0,0.0,0.0,0.0,0.0,0.734384157764927,7.71418907688565e-06,0.117863932493683,0.0590894202430685,0.152846406197661,0.404576684641438,0.0,0.0,0.0,0.0,0.0,0.0,0.0,0.0,0.0,0.0,0.0,0.0,0.0,0.0,0.0,0.0,0.0,0.0,0.0,0.0,0.0,0.0,0.0,0.0,0.0,0.0,0.0,0.0,0.0,0.90076933749292,0.0,0.0,0.0,0.0,0.0,0.0,9.66466733408909,0.0304749095918986,3.74956800067953,0.204849169626641,0.530702608946866,1.70842652403497,3.27271331578384,0.134734103885661,0.0331987015396791,9.66466733408909,0.0304749095918986,3.74956800067953,0.204849169626641,0.530702608946866,1.70842652403497,3.27271331578384,0.134734103885661,0.0331987015396791,0.0,8.00690168378698
HU,0.0,0.0,338.017761229592,0.0,35.1405612244898,0.0,0.0,0.0,0.0,0.0,0.0,0.0,0.0,0.0,0.0,0.0,0.0,0.0,0.0,0.0,0.0,0.0,0.0,0.0,0.0,0.0,0.0,0.0,0.0,0.0,0.0,0.0,0.0,0.571516648146157,0.55,0.685737018242854,0.703317483554151,0.92,0.75,3.28379796053803,0.0,0.0,0.0,0.0,0.0,0.0,0.0,0.0,0.0,0.0,0.0,40.1999465483678,0.0,0.550056470034389,12.8035211191587,0.055982231341925,13.5831927174842,2.22972346313573,4.68139333424083,6.13527742677861,0.160799786193471,0.0,0.0,0.0,0.0,0.0,0.0,0.0,0.0,0.0,2.65,0.450603157568425,46.8450172230046,0.450603157568425,0.450603157568425,0.0,0.0,0.0,0.0,0.0,0.0,0.0,0.0,0.0,0.0,0.0,0.0,0.459538560996176,0.55,0.570590512278091,0.677263813874778,0.686400598614645,0.634361595310293,2.25,0.0,5.81895357534828,0.0,0.201495238461368,0.0440732544128104,1.1733848058356,2.60632763601359,0.936611164371539,0.756280868137111,0.100780608116261,0.0,0.0,0.0,0.0,0.0,0.0,0.0,0.0,3.00100858037729,0.0,0.00256418640058402,0.30770038463382,1.07033189214935,1.62041211719354,0.0,0.0,0.0,0.0,0.0,0.0,0.0,0.0,0.0,0.0,0.0,0.0,0.0,0.0,0.0,0.0,0.0,0.0,0.0,0.0,0.0,0.0,0.0,0.0,0.0,0.0,0.0,0.0,0.0,6.31638910786582,0.0,0.0,0.0,0.0,0.0,0.0,55.7869009695276,0.550056470034389,13.0075805440206,0.407755870388555,15.8269094154691,13.2234554817771,5.61800449861236,6.89155829491572,0.261580394309732,55.7869009695276,0.550056470034389,13.0075805440206,0.407755870388555,15.8269094154691,13.2234554817771,5.61800449861236,6.89155829491572,0.261580394309732,0.0,46.01890012371608
IE,0.0,0.0,246.355354499793,0.0,44.7561590838935,0.0,0.0,0.0,0.0,0.0,0.0,0.0,0.0,0.0,0.0,0.0,0.0,0.0,0.0,0.0,0.0,0.0,0.0,0.0,0.0,0.0,0.0,0.0,0.0,0.0,0.0,0.0,0.0,0.571516648146157,0.55,0.685737018242854,0.703317483554151,0.92,0.75,3.28379796053803,0.0,0.0,0.0,0.0,0.0,0.0,0.0,0.0,0.0,0.0,0.0,17.9331475455981,0.0,2.17142800815287,0.249992318643622,5.48973887412882,2.47027680379346,3.89462094292147,0.0,3.58304405048576,0.0740465474720975,0.0,0.0,0.0,0.0,0.0,0.0,0.0,0.0,0.0,2.65,0.0729329984635579,13.2499692906131,0.0729329984635579,0.0729329984635579,0.0,0.0,0.0,0.0,0.0,0.0,0.0,0.0,0.0,0.0,0.0,0.0,0.459538560996176,0.55,0.570590512278091,0.677263813874778,0.686400598614645,0.634361595310293,2.25,0.0,3.85470548433577,0.131703974545644,0.104833728579777,0.941942342539408,0.553319032170241,1.39067327758698,0.0,0.641274714197847,0.0909584147158733,0.0,0.0,0.0,0.0,0.0,0.0,0.0,0.0,1.68236955714077,0.0,0.0,0.0166161858177251,0.196830912438278,1.46892245888477,0.0,0.0,0.0,0.0,0.0,0.0,0.0,0.0,0.0,0.0,0.0,0.0,0.0,0.0,0.0,0.0,0.0,0.0,0.0,0.0,0.0,0.0,0.0,0.0,0.0,0.0,0.0,0.0,0.0,3.8482031937443,0.0,0.0,0.0,0.0,0.0,0.0,27.3913587792825,2.30313198269851,0.3548260472234,6.44829740248595,3.22042674840198,10.6753528716011,0.0,4.22431876468361,0.165004962187971,27.3913587792825,2.30313198269851,0.3548260472234,6.44829740248595,3.22042674840198,10.6753528716011,0.0,4.22431876468361,0.165004962187971,0.0,21.78785302993387
SK,0.0,0.0,179.627646136314,0.0,33.0153575230372,0.0,0.0,0.0,0.0,0.0,0.0,0.0,0.0,0.0,0.0,0.0,0.0,0.0,0.0,0.0,0.0,0.0,0.0,0.0,0.0,0.0,0.0,0.0,0.0,0.0,0.0,0.0,0.0,0.571516648146157,0.55,0.685737018242854,0.703317483554151,0.92,0.75,2.99482374001069,0.0,0.0,0.0,0.0,0.0,0.0,0.0,0.0,0.0,0.0,0.0,14.8965574959399,0.0,0.110458715291692,0.350336673947033,0.0271182351586907,5.84409292790875,1.20718820960403,5.20885757763513,2.08680904083785,0.061696115556747,0.0,0.0,0.0,0.0,0.0,0.0,0.0,0.0,0.0,2.65,0.166428148461784,30.5893048289078,0.166428148461784,0.166428148461784,0.0,0.0,0.0,0.0,0.0,0.0,0.0,0.0,0.0,0.0,0.0,0.0,0.459538560996176,0.55,0.570590512278091,0.677263813874778,0.686400598614645,0.634361595310293,2.25,0.0,3.84578541633663,0.0499482797616885,0.0868775529636982,0.0207338781631073,0.960865007366089,1.23426022336747,0.973177426856682,0.441848175671705,0.0780748721861881,0.0,0.0,0.0,0.0,0.0,0.0,0.0,0.0,1.15477492088693,0.0195806402849547,0.00745138269007173,0.00287216024587983,0.426965352029902,0.697905385636125,0.0,0.0,0.0,0.0,0.0,0.0,0.0,0.0,0.0,0.0,0.0,0.0,0.0,0.0,0.0,0.0,0.0,0.0,0.0,0.0,0.0,0.0,0.0,0.0,0.0,0.0,0.0,0.0,0.0,3.91710140715541,0.0,0.0,0.0,0.0,0.0,0.0,23.9806473887807,0.179987635338335,0.444665609600803,0.0507242735676779,7.23192328730474,7.22288337422482,6.18203500449181,2.52865721650955,0.139770987742935,23.9806473887807,0.179987635338335,0.444665609600803,0.0507242735676779,7.23192328730474,7.22288337422482,6.18203500449181,2.52865721650955,0.139770987742935,0.0,18.74234291227653
LT,0.0,0.0,92.2377415206393,0.0,35.812791086279,0.0,0.0,0.0,0.0,0.0,0.0,0.0,0.0,0.0,0.0,0.0,0.0,0.0,0.0,0.0,0.0,0.0,0.0,0.0,0.0,0.0,0.0,0.0,0.0,0.0,0.0,0.0,0.0,0.571516648146157,0.55,0.685737018242854,0.703317483554151,0.92,0.75,2.73211990316764,0.0,0.0,0.0,0.0,0.0,0.0,0.0,0.0,0.0,0.0,0.0,9.8754371425905,0.0,0.288535447790782,4.16252389438081,0.105562961140039,0.60385161506418,0.144745717953484,4.22003368588652,0.310682071804328,0.039501748570362,0.0,0.0,0.0,0.0,0.0,0.0,0.0,0.0,0.0,2.65,0.0353939707779588,13.7422801153612,0.0353939707779588,0.0353939707779588,0.0,0.0,0.0,0.0,0.0,0.0,0.0,0.0,0.0,0.0,0.0,0.0,0.459538560996176,0.55,0.570590512278091,0.677263813874778,0.686400598614645,0.634361595310293,2.25,0.0,1.6195672460745,0.0205898055256131,0.15703336910245,0.0349708552229697,0.11447571178506,0.306523904721633,0.838604887089386,0.139675768208538,0.00769294441885389,0.0,0.0,0.0,0.0,0.0,0.0,0.0,0.0,0.874397042223521,0.00310142647911411,0.0434507625865959,0.1567899669798,0.183416959233654,0.487637926944357,0.0,0.0,0.0,0.0,0.0,0.0,0.0,0.0,0.0,0.0,0.0,0.0,0.0,0.0,0.0,0.0,0.0,0.0,0.0,0.0,0.0,0.0,0.0,0.0,0.0,0.0,0.0,0.0,0.0,1.83211397170358,0.0,0.0,0.0,0.0,0.0,0.0,14.2369093733701,0.31222667979551,4.36300802606985,0.297323783342809,0.901744286082894,2.80641549210101,5.0586385729759,0.450357840012867,0.0471946929892159,14.2369093733701,0.31222667979551,4.36300802606985,0.297323783342809,0.901744286082894,2.80641549210101,5.0586385729759,0.450357840012867,0.0471946929892159,0.0,11.495004388664999
HR,0.0,0.0,131.684276061593,0.0,34.399481323865,0.0,0.0,0.0,0.0,0.0,0.0,0.0,0.0,0.0,0.0,0.0,0.0,0.0,0.0,0.0,0.0,0.0,0.0,0.0,0.0,0.0,0.0,0.0,0.0,0.0,0.0,0.0,0.0,0.571516648146157,0.55,0.685737018242854,0.703317483554151,0.92,0.75,3.28379796053803,0.0,0.0,0.0,0.0,0.0,0.0,0.0,0.0,0.0,0.0,0.0,13.3495255149736,0.0,0.00967034038482744,7.82370111753319,0.382822965230463,1.77344073743432,0.606595254704079,1.23783930765119,1.459537701428,0.0559180906074842,0.0,0.0,0.0,0.0,0.0,0.0,0.0,0.0,0.0,2.65,0.505450153946673,132.037200270598,0.505450153946673,0.505450153946673,0.0,0.0,0.0,0.0,0.0,0.0,0.0,0.0,0.0,0.0,0.0,0.0,0.459538560996176,0.55,0.570590512278091,0.677263813874778,0.686400598614645,0.634361595310293,2.25,0.0,1.72845556932817,0.000499729957392937,0.135363859934003,0.0291865621830029,0.326385477965854,0.852056556047321,0.0634132835700331,0.25208117375178,0.0694689259187788,0.0,0.0,0.0,0.0,0.0,0.0,0.0,0.0,1.46966935390911,0.0,0.111713839683008,0.192684519154962,0.189490556431601,0.975780438639537,0.0,0.0,0.0,0.0,0.0,0.0,0.0,0.0,0.0,0.0,0.0,0.0,0.0,0.0,0.0,0.0,0.0,0.0,0.0,0.0,0.0,0.0,0.0,0.0,0.0,0.0,0.0,0.0,0.0,2.86849538324709,0.0,0.0,0.0,0.0,0.0,0.0,19.9215959754046,0.0101700703422204,8.0707788171502,0.604694046568428,2.28931677183177,5.8083777865847,1.30125259122122,1.71161887517978,0.125387016526263,19.9215959754046,0.0101700703422204,8.0707788171502,0.604694046568428,2.28931677183177,5.8083777865847,1.30125259122122,1.71161887517978,0.125387016526263,0.0,15.07798108430177
LU,0.0,0.0,33.2582776645769,0.0,48.0110024866785,0.0,0.0,0.0,0.0,0.0,0.0,0.0,0.0,0.0,0.0,0.0,0.0,0.0,0.0,0.0,0.0,0.0,0.0,0.0,0.0,0.0,0.0,0.0,0.0,0.0,0.0,0.0,0.0,0.571516648146157,0.55,0.685737018242854,0.703317483554151,0.92,0.75,3.28379796053803,0.0,0.0,0.0,0.0,0.0,0.0,0.0,0.0,0.0,0.0,0.0,4.36170243965274,0.0,0.00147487108797816,0.244264244487904,0.848867446576007,1.3640228741905,1.02399181902703,0.0,0.8616343745247,0.0174468097586109,0.0,0.0,0.0,0.0,0.0,0.0,0.0,0.0,0.0,2.65,0.0166631849977988,24.0546496253891,0.0166631849977988,0.0166631849977988,0.0,0.0,0.0,0.0,0.0,0.0,0.0,0.0,0.0,0.0,0.0,0.0,0.459538560996176,0.55,0.570590512278091,0.677263813874778,0.686400598614645,0.634361595310293,2.25,0.0,0.412109445776089,0.0,0.0169129644816259,0.0590489594073418,0.115986040987866,0.130511756831857,0.0,0.0603848188124999,0.0292649052548985,0.0,0.0,0.0,0.0,0.0,0.0,0.0,0.0,0.182991843465432,0.0,0.0,0.00219252827622568,0.0594602548016526,0.121339060387553,0.0,0.0,0.0,0.0,0.0,0.0,0.0,0.0,0.0,0.0,0.0,0.0,0.0,0.0,0.0,0.0,0.0,0.0,0.0,0.0,0.0,0.0,0.0,0.0,0.0,0.0,0.0,0.0,0.0,0.598310119637724,0.0,0.0,0.0,0.0,0.0,0.0,5.57177703352978,0.00147487108797816,0.26117720896953,0.910108934259575,1.53946916998002,1.89081594088197,0.0,0.922019193337199,0.0467117150135094,5.57177703352978,0.00147487108797816,0.26117720896953,0.910108934259575,1.53946916998002,1.89081594088197,0.0,0.922019193337199,0.0467117150135094,0.0,4.773811885428829
SI,0.0,0.0,73.0887501717934,0.0,34.6998029601415,0.0,0.0,0.0,0.0,0.0,0.0,0.0,0.0,0.0,0.0,0.0,0.0,0.0,0.0,0.0,0.0,0.0,0.0,0.0,0.0,0.0,0.0,0.0,0.0,0.0,0.0,0.0,0.0,0.571516648146157,0.55,0.685737018242854,0.703317483554151,0.92,0.75,3.28379796053803,0.0,0.0,0.0,0.0,0.0,0.0,0.0,0.0,0.0,0.0,0.0,6.85797741736235,0.0,2.06511589820303e-05,3.55971351718632,0.583733834203164,0.488976278035771,0.460127060990871,0.875083205534564,0.861367650786652,0.0289552194660266,0.0,0.0,0.0,0.0,0.0,0.0,0.0,0.0,0.0,2.65,0.0832687668595155,39.5328938580514,0.0832687668595155,0.0832687668595155,0.0,0.0,0.0,0.0,0.0,0.0,0.0,0.0,0.0,0.0,0.0,0.0,0.459538560996176,0.55,0.570590512278091,0.677263813874778,0.686400598614645,0.634361595310293,2.25,0.0,1.41634119416012,6.3778067959327e-06,0.228735341943914,0.0619951720001702,0.104040365036201,0.583442410021244,0.0995144759255012,0.252657180666976,0.0859498707593154,0.0,0.0,0.0,0.0,0.0,0.0,0.0,0.0,0.506459295358141,0.0,0.0295482025955298,0.074572725260598,0.0276824482213978,0.374655919280616,0.0,0.0,0.0,0.0,0.0,0.0,0.0,0.0,0.0,0.0,0.0,0.0,0.0,0.0,0.0,0.0,0.0,0.0,0.0,0.0,0.0,0.0,0.0,0.0,0.0,0.0,0.0,0.0,0.0,1.71376989195285,0.0,0.0,0.0,0.0,0.0,0.0,10.577816565693,2.70289657779629e-05,3.81799706172576,0.720301731463932,0.620699091293369,3.2152640491051,0.974597681460065,1.11402483145363,0.114905090225342,10.577816565693,2.70289657779629e-05,3.81799706172576,0.720301731463932,0.620699091293369,3.2152640491051,0.974597681460065,1.11402483145363,0.114905090225342,0.0,8.274318611522471
CH,0.0,0.0,395.209429189271,0.0,43.5413509780233,0.0,0.0,0.0,0.0,0.0,0.0,0.0,0.0,0.0,0.0,0.0,0.0,0.0,0.0,0.0,0.0,0.0,0.0,0.0,0.0,0.0,0.0,0.0,0.0,0.0,0.0,0.0,0.0,0.571516648146157,0.55,0.685737018242854,0.703317483554151,0.92,0.75,2.99482374001069,0.0,0.0,0.0,0.0,0.0,0.0,0.0,0.0,0.0,0.0,0.0,35.747589529406,0.0,0.0147864056712072,5.69269345630419,9.14555147317046,5.34741319052574,5.88272685408913,2.55063724878003,6.97079032999354,0.142990570871662,0.0,0.0,0.0,0.0,0.0,0.0,0.0,0.0,0.0,2.65,0.501789809171812,55.283615684892,0.501789809171812,0.501789809171812,0.0,0.0,0.0,0.0,0.0,0.0,0.0,0.0,0.0,0.0,0.0,0.0,0.459538560996176,0.55,0.570590512278091,0.677263813874778,0.686400598614645,0.634361595310293,2.25,0.0,6.91137523686345,0.0,0.654241619190111,1.11121750839859,0.850448642390511,2.9247931899098,0.302361001450683,1.03548424314865,0.0328290323751014,0.0,0.0,0.0,0.0,0.0,0.0,0.0,0.0,2.06764975546032,0.0,0.152768453200427,0.340253599898202,0.260406455005311,1.31422124735638,0.0,0.0,0.0,0.0,0.0,0.0,0.0,0.0,0.0,0.0,0.0,0.0,0.0,0.0,0.0,0.0,0.0,0.0,0.0,0.0,0.0,0.0,0.0,0.0,0.0,0.0,0.0,0.0,0.0,8.08233883824509,0.0,0.0,0.0,0.0,0.0,0.0,53.3107431691466,0.0147864056712072,6.49970352869473,10.5970225814672,6.45826828792156,18.7058699387722,2.85299825023072,8.00627457314219,0.175819603246764,53.3107431691466,0.0147864056712072,6.49970352869473,10.5970225814672,6.45826828792156,18.7058699387722,2.85299825023072,8.00627457314219,0.175819603246764,0.0,42.65896476626945
NO,0.0,0.0,314.096616657057,0.0,54.4803534127178,0.0,0.0,0.0,0.0,0.0,0.0,0.0,0.0,0.0,0.0,0.0,0.0,0.0,0.0,0.0,0.0,0.0,0.0,0.0,0.0,0.0,0.0,0.0,0.0,0.0,0.0,0.0,0.0,0.571516648146157,0.55,0.685737018242854,0.703317483554151,0.92,0.75,2.73211990316764,0.0,0.0,0.0,0.0,0.0,0.0,0.0,0.0,0.0,0.0,0.0,30.5312728486605,0.0,0.0,4.86844078645575,0.31267199690447,0.0193018067416515,15.1535458411237,1.24197506665272,8.81321225938755,0.122125091394642,0.0,0.0,0.0,0.0,0.0,0.0,0.0,0.0,0.0,2.65,0.172602082781356,29.9379935058851,0.172602082781356,0.172602082781356,0.0,0.0,0.0,0.0,0.0,0.0,0.0,0.0,0.0,0.0,0.0,0.0,0.459538560996176,0.55,0.570590512278091,0.677263813874778,0.686400598614645,0.634361595310293,2.25,0.0,5.21787706514289,0.0,0.118059265418262,0.0,0.0,4.09318925838232,0.1947818558278,0.787061769455079,0.0247849160594287,0.0,0.0,0.0,0.0,0.0,0.0,0.0,0.0,0.841636876910569,0.0,0.0,0.0,0.0,0.841636876910569,0.0,0.0,0.0,0.0,0.0,0.0,0.0,0.0,0.0,0.0,0.0,0.0,0.0,0.0,0.0,0.0,0.0,0.0,0.0,0.0,0.0,0.0,0.0,0.0,0.0,0.0,0.0,0.0,0.0,8.58168737560975,0.0,0.0,0.0,0.0,0.0,0.0,45.345076249105,0.0,4.98650005187401,0.31267199690447,0.0193018067416515,28.8426614348077,1.43675692248052,9.60027402884263,0.146910007454071,45.345076249105,0.0,4.98650005187401,0.31267199690447,0.0193018067416515,28.8426614348077,1.43675692248052,9.60027402884263,0.146910007454071,0.0,35.74914991380339
