,Total m2,Average tertiary floor area per capita,Total floor area of existing buildings (total m2),Average existing tertiary floor area per capita (m2/pc),Total floor area of new buildings (total m2),Average new-build tertiary floor area per capita (m2/pc),Existing building destructions,"Total floor area of hotels, restaurants",Floor area of health,Floor area of education research,Floor area of public and private offices,Floor area of public offices and administrations,Floor area of private offices,Floor area of trade (wholesale and retail trade),Floor area of other tertiary branches,Heating needs of existing tertiary areas,Heating needs of renovated tertiary aras,Heating needs of new-build tertiary areas,Renovation pace of tertiary areas,Heating needs of unrenovated recently built buildings,Heating needs of unrenovated existing buildings not recently built,"Share of the total tertiary surface to be heated, heated with solid fossil fuels (coal...)","Share of the total tertiary surface to be heated, heated with solid biomass","Share of the total tertiary surface to be heated, heated with oil","Share of the total tertiary surface to be heated, heated with gas (gas grid / gas consumed locally)","Share of the total tertiary surface to be heated, heated with electricity","Share of the total tertiary surface to be heated, heated with heating network","Share of the total tertiary surface to be heated, heated with ambient heat (heat pumps…)","Share of the total tertiary surface to be heated, heated with thermal solar",Performance of solid fossil fuels (coal...) based heating systems in the tertiary sector,Performance of solid-biomass based heating systems in the tertiary sector,Performance of oil heating systems in the tertiary sector,Performance of heating systems gas grid / gas consumed locally in the tertiary sector,Performance of electric heating systems in the tertiary sector,Performance of heating systems using heating network in the tertiary sector,Performance of ambient heat based heating systems (heat pumps…) in the tertiary sector,Useful contribution of thermal solar heating systems per solar-heated square metre in the tertiary sector,TOTAL FEC for space heating in the tertiary sector,Final energy consumption from solid fossil fuels (coal ...) for space heating in the tertiary sector,Final energy consumption from solid biomass for space heating in the tertiary sector,Final oil consumption for space heating in the tertiary sector,Final energy consumption from gas grid / gas consumed locally for space heating in the tertiary sector,Final electricity consumption for space heating in the tertiary sector,Final energy consumption from heating networks for space heating in the tertiary sector,Final energy consumption from ambient heat (heat pumps…) for space heating in the tertiary sector,Final energy consumption from thermal solar for space heating in the tertiary sector,Tertiary heating energy consumption per person,Total final energy consumption for space heating in the tertiary sector,Total final energy consumption for space heating in the tertiary sector (with climatic corrections) ,Final energy consumption from solid fossil fuels (coal ...) for space heating in the tertiary sector,Final energy consumption from solid biomass for space heating in the tertiary sector,Final oil consumption for space heating in the tertiary sector,Final energy consumption from gas grid / gas consumed locally for space heating in the tertiary sector,Final electricity consumption for space heating in the tertiary sectorr,Final energy consumption from heating network for space heating in the tertiary sector,Final energy consumption from ambient heat (heat pumps…) for space heating in the tertiary sector,Final energy consumption from thermal solar for space heating in the tertiary sector,Equipment rate in cooling systems for the tertiary sector,Equipment rate in cooling systems for existing tertiary buildings,Equipment rate in cooling systems for renovated tertiary buildings,Equipment rate in cooling systems for new-build tertiary areas,Cooling needs per equipped tertiary areas,Cooling needs per equipped existing tertiary areas,Cooling needs per equipped renovated tertiary areas,Cooling needs per equipped new-build tertiary areas,Performance of cooling systems (for the tertiary sectror),TOTAL FEC for cooling in the tertiary sector,Tertiary cooling energy consumption per person,Total final energy consumption for cooling in the tertiary sector,Final electricity consumption for cooling in the tertiary sector,Final energy consumption from cooling network for cooling in the tertiary sector,Final energy consumption from thermal solar for cooling in the tertiary sector,Average hot water needs of the tertiary sector (in energy) per person,Average hot water needs of the tertiary sector (in volume) per person,Share of the total tertiary surface with water heaters using solid fossil fuels (coal...),Share of the total tertiary surface with water heaters using solid biomass,Share of the total tertiary surface with oil-fired water heaters,Share of the total tertiary surface with water heaters using gas grid / gas consumed locally,Share of the total tertiary surface with electric water heaters,Share of the total tertiary surface with water heaters using heating network,Share of the total tertiary surface with thermodynamic water heaters,Share of the total tertiary surface with thermal solar water heaters,Performance of water heaters using solid fossil fuels (coal...) in the tertiary sector,Performance of water heaters using solid biomass in the tertiary sector,Performance of oil-fired water heaters in the tertiary sector,Performance of water heaters using gas grid / gas consumed locally in the tertiary sector,Performance of electric water heaters in the tertiary sector,Performance of water heaters using heating network in the tertiary sector,Performance of thermodynamic water heaters in the tertiary sector,Share of hot water needs covered by thermal solar water heaters in equipped tertiary buildings,Total final energy consumption for hot water in the tertiary sector,Final energy consumption from solid fossil fuels (coal ...) for hot water in the tertiary sector,Final energy consumption from solid biomass for hot water in the tertiary sector,Final oil consumption for hot water in the tertiary sector,Final energy consumption from gas grid / gas consumed locally for hot water in the tertiary sector,Final electricity consumption for hot water in the tertiary sector,Final energy consumption from heating network for hot water in the tertiary sector,Final energy consumption from ambient heat (heat pumps…) for hot water in the tertiary sector,Final energy consumption from thermal solar for hot water in the tertiary sector,Average duration of use for cooking systems in the tertiary sector,Performance of cooking equipment for the tertiary sector ,Total Final energy consumption for cooking in the tertiary sector,Final consumption of solid fossil fuels (coal...) for cooking in the tertiary sector,Final energy consumption from solid biomass for cooking in the tertiary sector,Final oil consumption for cooking in the tertiary sector,Final energy consumption from gas grid / gas consumed locally for cooking in the tertiary sector,Final electricity consumption for cooking in the tertiary sector,Energy sufficiency indicator for tertiary building management,Energy efficiency indicator for tertiary building management equipment,Final tertiary electricy consumption for building management,"Average duration of use for tertiary IT equipment (desktop computer, laptop computer, computer screen)","Energy efficiency indicator for tertiary IT equipment (desktop computer, laptop computer, computer screen)","Final electricity consumption for IT equipment (desktop computer, laptop computer, computer screen) in the tertiary sector","Energy sufficiency indicator for other office equipment (refrigeration, washing… excl. enterprise server equipment)","Energy efficiency indicator for other office equipment per surface (refrigeration, washing… excl. enterprise server equipment) ",Final electricity consumption for other office equipment,Energy sufficiency indicator for lighting in the tertiary sector,Energy efficiency indicator for lighting in the tertiary sector,Final electricity consumption for lighting in the tertiary sector,Energy sufficiency indicator for public lighting,Energy efficiency indicator for public lighting,Final electricity consumption for public lighting,Total final electricity consumption of the telecommunications sector,Energy sufficiency indicator for server equipment (enterprise servers and data center equipment),Energy efficiency indicator for server equipment (enterprise servers and data center equipment),Final electricity consumption for server equipment (enterprise servers and data center equipment),Final electricity consumption of the telecommunications sector (excl. server equipment),Energy sufficiency indicator for cold production in the tertiary sector,Energy efficiency indicator for cold production in the tertiary sector,Final electricity consumption for cold production in the tertiary sector,Energy sufficiency indicator for other activities in the tertiary sector,Energy efficiency indicator for other activities in the tertiary sector,Final electricity consumption for other activities in the tertiary sector,Total consumption of specific electricity in the tertiary sector,Total final energy consumption in the tertiary sectors,Final energy consumption from solid fossil fuels (coal ...) in the tertiary sector,Final energy consumption from solid biomass in the tertiary sector,Final oil consumption in the tertiary sector,Final energy consumption from gas grid / gas consumed locally in the tertiary sector,Final electricity consumption in the tertiary sectors,Final energy consumption from heating networks in the tertiary sector,Final energy consumption from ambient heat (heat pumps…) in the tertiary sector,Final energy consumption from thermal solar in the tertiary sector,Total final energy consumption in the tertiary sector,Final energy consumption from solid fossil fuels (coal ...) in the tertiary sector,Final energy consumption from solid biomass in the tertiary sector,Final oil consumption in the tertiary sector,Final energy consumption from gas grid / gas consumed locally in the tertiary sector,Final electricity consumption in the tertiary sector,Final energy consumption from heating networks in the tertiary sector,Final energy consumption from ambient heat (heat pumps…) in the tertiary sector,Final energy consumption from thermal solar in the tertiary sector,Any general comment on the Tertiary sector?,Thermal_uses_tertiary
FR,1000.07555014429,14.7570525345137,0.0,0.0,0.0,0.0,0.0,0.0,0.0,0.0,216.452699252688,0.0,0.0,0.0,783.622850891598,0.0,0.0,0.0,0.0,0.0,0.0,0.0,0.0,0.0,0.0,0.0,0.0,0.0,0.0,0.718866666666667,0.744833333333333,0.790627248064204,0.734439161184717,0.933333333333333,0.783333333333333,4.0,0.0,0.0,0.0,0.0,0.0,0.0,0.0,0.0,0.0,0.0,0.0,0.0,65.8647543610465,0.0,0.0,0.0,0.0,11.315327234893791,0.0,0.0,0.0,0.0,0.0,0.0,0.0,0.0,0.0,0.0,0.0,2.88333333333333,14.2225219350904,209.866647913872,14.2225219350904,14.2225219350904,0.0,0.0,0.0,0.0,0.0,0.0,0.0,0.0,0.0,0.0,0.0,0.0,0.627283495029149,0.65,0.753224319878643,0.835638903918886,0.728800199538215,0.809983888756795,2.85416666666667,0.0,11.6571760099286,0.0,0.0,0.0,0.0,6.4416389482472995,0.0,0.0,0.0,0.0,0.0,11.614545921111658,0.0,0.0,0.0,0.0,11.31677811323339,0.0,0.0,0.0,0.0,0.0,0.0,0.0,0.0,0.0,0.0,0.0,0.0,0.0,0.0,0.0,0.0,0.0,0.0,0.0,0.0,0.0,0.0,0.0,0.0,0.0,0.0,59.5642466079761,14.2225219350904,0.0,0.0,0.0,0.0,14.2225219350904,0.0,0.0,0.0,151.308698914042,0.0748328988402919,5.21779625614548,4.99358715828787,12.7307651348118,94.6838431334528,15.0766196437531,17.9846087569866,0.54664593176371,0.0,77.5219303709751
DE,1707.62993526599,20.5297216764595,0.0,0.0,0.0,0.0,0.0,0.0,0.0,0.0,717.326052444745,0.0,0.0,0.0,990.303882821242,0.0,0.0,0.0,0.0,0.0,0.0,0.0,0.0,0.0,0.0,0.0,0.0,0.0,0.0,0.718866666666667,0.744833333333333,0.790627248064204,0.734439161184717,0.933333333333333,0.783333333333333,4.0,0.0,0.0,0.0,0.0,0.0,0.0,0.0,0.0,0.0,0.0,0.0,0.0,105.682077368744,0.0,0.0,0.0,0.0,16.17074066380047,0.0,0.0,0.0,0.0,0.0,0.0,0.0,0.0,0.0,0.0,0.0,2.88333333333333,2.13059428035446,25.6147463087899,2.13059428035446,2.13059428035446,0.0,0.0,0.0,0.0,0.0,0.0,0.0,0.0,0.0,0.0,0.0,0.0,0.627283495029149,0.65,0.753224319878643,0.835638903918886,0.728800199538215,0.809983888756795,2.85416666666667,0.0,15.8113906043518,0.0,0.0,0.0,0.0,8.363799293455902,0.0,0.0,0.0,0.0,0.0,11.184545393302141,0.0,0.0,0.0,0.0,11.169357902037701,0.0,0.0,0.0,0.0,0.0,0.0,0.0,0.0,0.0,0.0,0.0,0.0,0.0,0.0,0.0,0.0,0.0,0.0,0.0,0.0,0.0,0.0,0.0,0.0,0.0,0.0,85.1117456416497,2.13059428035446,0.0,0.0,0.0,0.0,2.13059428035446,0.0,0.0,0.0,208.7358078951,0.0452457811963727,16.3060639004326,6.72532083923326,24.0296144425628,105.582335737277,26.8858175088197,28.2606719544385,0.900737731140093,0.0,121.4934679730958
GB,1068.34270379695,14.6687420457069,0.0,0.0,0.0,0.0,0.0,0.0,0.0,0.0,168.838501875771,0.0,0.0,0.0,899.504201921176,0.0,0.0,0.0,0.0,0.0,0.0,0.0,0.0,0.0,0.0,0.0,0.0,0.0,0.0,0.718866666666667,0.744833333333333,0.790627248064204,0.734439161184717,0.933333333333333,0.783333333333333,4.0,0.0,0.0,0.0,0.0,0.0,0.0,0.0,0.0,0.0,0.0,0.0,0.0,65.5702705551306,0.0,0.0,0.0,0.0,22.215903940522775,0.0,0.0,0.0,0.0,0.0,0.0,0.0,0.0,0.0,0.0,0.0,2.88333333333333,10.0716890765912,138.288031082168,10.0716890765912,10.0716890765912,0.0,0.0,0.0,0.0,0.0,0.0,0.0,0.0,0.0,0.0,0.0,0.0,0.627283495029149,0.65,0.753224319878643,0.835638903918886,0.728800199538215,0.809983888756795,2.85416666666667,0.0,10.5544382623782,0.0,0.0,0.0,0.0,6.155206168082206,0.0,0.0,0.0,0.0,0.0,5.31724402681115,0.0,0.0,0.0,0.0,5.174174899416088,0.0,0.0,0.0,0.0,0.0,0.0,0.0,0.0,0.0,0.0,0.0,0.0,0.0,0.0,0.0,0.0,0.0,0.0,0.0,0.0,0.0,0.0,0.0,0.0,0.0,0.0,63.8525010855195,10.0716890765912,0.0,0.0,0.0,0.0,10.0716890765912,0.0,0.0,0.0,150.04889897962,0.0500908184117221,5.35719786389651,5.52358130690164,16.2578243656517,88.9159415789037,13.4853500653548,19.8969216877474,0.56199129275199,0.0,76.1247088175088
IT,658.312046395106,11.0873596609844,0.0,0.0,0.0,0.0,0.0,0.0,0.0,0.0,53.8223469815865,0.0,0.0,0.0,604.48969941352,0.0,0.0,0.0,0.0,0.0,0.0,0.0,0.0,0.0,0.0,0.0,0.0,0.0,0.0,0.718866666666667,0.744833333333333,0.790627248064204,0.734439161184717,0.933333333333333,0.783333333333333,4.0,0.0,0.0,0.0,0.0,0.0,0.0,0.0,0.0,0.0,0.0,0.0,0.0,35.9542599834772,0.0,0.0,0.0,0.0,0.0,0.0,0.0,0.0,0.0,0.0,0.0,0.0,0.0,0.0,0.0,0.0,2.88333333333333,21.5763217914638,363.39064608202,21.5763217914638,21.5763217914638,0.0,0.0,0.0,0.0,0.0,0.0,0.0,0.0,0.0,0.0,0.0,0.0,0.627283495029149,0.65,0.753224319878643,0.835638903918886,0.728800199538215,0.809983888756795,2.85416666666667,0.0,5.51599613199355,0.0,0.0,0.0,0.0,0.0,0.0,0.0,0.0,0.0,0.0,0.0,0.0,0.0,0.0,0.0,0.0,0.0,0.0,0.0,0.0,0.0,0.0,0.0,0.0,0.0,0.0,0.0,0.0,0.0,0.0,0.0,0.0,0.0,0.0,0.0,0.0,0.0,0.0,0.0,0.0,0.0,0.0,46.7390542198777,21.5763217914638,0.0,0.0,0.0,0.0,21.5763217914638,0.0,0.0,0.0,109.785632126812,0.0,2.30552870433581,0.944835317017215,12.658831781676,72.0882866078801,7.61735708895471,13.8141952719079,0.356597355040444,0.0,41.47025611547075
ES,531.653989457272,10.7672190967187,0.0,0.0,0.0,0.0,0.0,0.0,0.0,0.0,104.408810035184,0.0,0.0,0.0,427.245179422088,0.0,0.0,0.0,0.0,0.0,0.0,0.0,0.0,0.0,0.0,0.0,0.0,0.0,0.0,0.718866666666667,0.744833333333333,0.790627248064204,0.734439161184717,0.933333333333333,0.783333333333333,4.0,0.0,0.0,0.0,0.0,0.0,0.0,0.0,0.0,0.0,0.0,0.0,0.0,34.377396363299,0.0,0.0,0.0,0.0,0.0,0.0,0.0,0.0,0.0,0.0,0.0,0.0,0.0,0.0,0.0,0.0,2.88333333333333,22.651168215827,458.738382129719,22.651168215827,22.651168215827,0.0,0.0,0.0,0.0,0.0,0.0,0.0,0.0,0.0,0.0,0.0,0.0,0.627283495029149,0.65,0.753224319878643,0.835638903918886,0.728800199538215,0.809983888756795,2.85416666666667,0.0,4.29982365734164,0.0,0.0,0.0,0.0,0.0,0.0,0.0,0.0,0.0,0.0,0.0,0.0,0.0,0.0,0.0,0.0,0.0,0.0,0.0,0.0,0.0,0.0,0.0,0.0,0.0,0.0,0.0,0.0,0.0,0.0,0.0,0.0,0.0,0.0,0.0,0.0,0.0,0.0,0.0,0.0,0.0,0.0,38.4736676764318,22.651168215827,0.0,0.0,0.0,0.0,22.651168215827,0.0,0.0,0.0,99.8020559128995,0.0,2.68391763437873,3.62037988244511,7.62034458602736,70.5703107769975,5.14595147340883,9.76251279711761,0.398638762524318,0.0,38.67722002064064
PL,414.319784375135,11.6180747292031,0.0,0.0,0.0,0.0,0.0,0.0,0.0,0.0,63.3680100005585,0.0,0.0,0.0,350.951774374577,0.0,0.0,0.0,0.0,0.0,0.0,0.0,0.0,0.0,0.0,0.0,0.0,0.0,0.0,0.718866666666667,0.744833333333333,0.790627248064204,0.734439161184717,0.933333333333333,0.783333333333333,4.0,0.0,0.0,0.0,0.0,0.0,0.0,0.0,0.0,0.0,0.0,0.0,0.0,27.805666516501,0.0,0.0,0.0,0.0,0.0,0.0,0.0,0.0,0.0,0.0,0.0,0.0,0.0,0.0,0.0,0.0,2.88333333333333,2.71356357928425,76.0919116959753,2.71356357928425,2.71356357928425,0.0,0.0,0.0,0.0,0.0,0.0,0.0,0.0,0.0,0.0,0.0,0.0,0.627283495029149,0.65,0.753224319878643,0.835638903918886,0.728800199538215,0.809983888756795,2.85416666666667,0.0,3.5934389888678,0.0,0.0,0.0,0.0,0.0,0.0,0.0,0.0,0.0,0.0,0.0,0.0,0.0,0.0,0.0,0.0,0.0,0.0,0.0,0.0,0.0,0.0,0.0,0.0,0.0,0.0,0.0,0.0,0.0,0.0,0.0,0.0,0.0,0.0,0.0,0.0,0.0,0.0,0.0,0.0,0.0,0.0,28.5454391693784,2.71356357928425,0.0,0.0,0.0,0.0,2.71356357928425,0.0,0.0,0.0,62.6581082540314,1.44633549050479,2.96134051764059,1.06256727869278,3.34003611561251,34.771431262951,12.391952481174,6.45679286953335,0.227652237922351,0.0,31.399105505368798
SE,196.111224886483,16.7711424998144,0.0,0.0,0.0,0.0,0.0,0.0,0.0,0.0,42.0202992935507,0.0,0.0,0.0,154.090925592932,0.0,0.0,0.0,0.0,0.0,0.0,0.0,0.0,0.0,0.0,0.0,0.0,0.0,0.0,0.718866666666667,0.744833333333333,0.790627248064204,0.734439161184717,0.933333333333333,0.783333333333333,4.0,0.0,0.0,0.0,0.0,0.0,0.0,0.0,0.0,0.0,0.0,0.0,0.0,14.4894536163578,0.0,0.0,0.0,0.0,0.0,0.0,0.0,0.0,0.0,0.0,0.0,0.0,0.0,0.0,0.0,0.0,2.88333333333333,0.971964364023776,83.120957830027,0.971964364023776,0.971964364023776,0.0,0.0,0.0,0.0,0.0,0.0,0.0,0.0,0.0,0.0,0.0,0.0,0.627283495029149,0.65,0.753224319878643,0.835638903918886,0.728800199538215,0.809983888756795,2.85416666666667,0.0,2.06687133088504,0.0,0.0,0.0,0.0,0.0,0.0,0.0,0.0,0.0,0.0,0.0,0.0,0.0,0.0,0.0,0.0,0.0,0.0,0.0,0.0,0.0,0.0,0.0,0.0,0.0,0.0,0.0,0.0,0.0,0.0,0.0,0.0,0.0,0.0,0.0,0.0,0.0,0.0,0.0,0.0,0.0,0.0,10.8664008521621,0.971964364023776,0.0,0.0,0.0,0.0,0.971964364023776,0.0,0.0,0.0,28.3946901634286,0.0,1.24918585852437,0.477866929614901,0.163419326078209,14.3114095864521,10.4902870057109,1.59111211571272,0.111409341335468,0.0,16.55632494724284
NL,419.309383805434,23.0569767764546,0.0,0.0,0.0,0.0,0.0,0.0,0.0,0.0,109.199689911303,0.0,0.0,0.0,310.109693894132,0.0,0.0,0.0,0.0,0.0,0.0,0.0,0.0,0.0,0.0,0.0,0.0,0.0,0.0,0.718866666666667,0.744833333333333,0.790627248064204,0.734439161184717,0.933333333333333,0.783333333333333,4.0,0.0,0.0,0.0,0.0,0.0,0.0,0.0,0.0,0.0,0.0,0.0,0.0,27.4848440068031,0.0,0.0,0.0,0.0,8.8983818034329,0.0,0.0,0.0,0.0,0.0,0.0,0.0,0.0,0.0,0.0,0.0,2.88333333333333,6.61184732297566,363.572140436647,6.61184732297566,6.61184732297566,0.0,0.0,0.0,0.0,0.0,0.0,0.0,0.0,0.0,0.0,0.0,0.0,0.627283495029149,0.65,0.753224319878643,0.835638903918886,0.728800199538215,0.809983888756795,2.85416666666667,0.0,3.32846846727746,0.0,0.0,0.0,0.0,1.8219257568352334,0.0,0.0,0.0,0.0,0.0,1.600422965217147,0.0,0.0,0.0,0.0,1.5474712353045113,0.0,0.0,0.0,0.0,0.0,0.0,0.0,0.0,0.0,0.0,0.0,0.0,0.0,0.0,0.0,0.0,0.0,0.0,0.0,0.0,0.0,0.0,0.0,0.0,0.0,0.0,19.7574885151359,6.61184732297566,0.0,0.0,0.0,0.0,6.61184732297566,0.0,0.0,0.0,57.182648312192,0.00698470915283751,0.826012740707939,0.516054865281814,7.69792141352772,34.9325927003259,5.57367176441918,7.40567930889524,0.223730809881373,0.0,30.81331247408056
BE,168.436073879283,14.1603832673301,0.0,0.0,0.0,0.0,0.0,0.0,0.0,0.0,50.5305294695378,0.0,0.0,0.0,117.905544409745,0.0,0.0,0.0,0.0,0.0,0.0,0.0,0.0,0.0,0.0,0.0,0.0,0.0,0.0,0.718866666666667,0.744833333333333,0.790627248064204,0.734439161184717,0.933333333333333,0.783333333333333,4.0,0.0,0.0,0.0,0.0,0.0,0.0,0.0,0.0,0.0,0.0,0.0,0.0,11.6066183613482,0.0,0.0,0.0,0.0,3.964310436325576,0.0,0.0,0.0,0.0,0.0,0.0,0.0,0.0,0.0,0.0,0.0,2.88333333333333,0.807188589493814,67.8601651831418,0.807188589493814,0.807188589493814,0.0,0.0,0.0,0.0,0.0,0.0,0.0,0.0,0.0,0.0,0.0,0.0,0.627283495029149,0.65,0.753224319878643,0.835638903918886,0.728800199538215,0.809983888756795,2.85416666666667,0.0,1.9519616305388,0.0,0.0,0.0,0.0,1.1454356700199397,0.0,0.0,0.0,0.0,0.0,0.5636519796229911,0.0,0.0,0.0,0.0,0.5542267854997124,0.0,0.0,0.0,0.0,0.0,0.0,0.0,0.0,0.0,0.0,0.0,0.0,0.0,0.0,0.0,0.0,0.0,0.0,0.0,0.0,0.0,0.0,0.0,0.0,0.0,0.0,10.2772911569821,0.807188589493814,0.0,0.0,0.0,0.0,0.807188589493814,0.0,0.0,0.0,24.6430597383629,0.0,0.765734160571365,1.22226804935088,3.00651755873148,14.3352793060789,2.14366086761519,3.07686155341403,0.0927382426010799,0.0,13.558579991887001
FI,128.41918547392,23.666752880254,0.0,0.0,0.0,0.0,0.0,0.0,0.0,0.0,17.8922080318513,0.0,0.0,0.0,110.526977442069,0.0,0.0,0.0,0.0,0.0,0.0,0.0,0.0,0.0,0.0,0.0,0.0,0.0,0.0,0.718866666666667,0.744833333333333,0.790627248064204,0.734439161184717,0.933333333333333,0.783333333333333,4.0,0.0,0.0,0.0,0.0,0.0,0.0,0.0,0.0,0.0,0.0,0.0,0.0,9.37551616091865,0.0,0.0,0.0,0.0,0.0,0.0,0.0,0.0,0.0,0.0,0.0,0.0,0.0,0.0,0.0,0.0,2.88333333333333,0.505947078376967,93.2424888870358,0.505947078376967,0.505947078376967,0.0,0.0,0.0,0.0,0.0,0.0,0.0,0.0,0.0,0.0,0.0,0.0,0.627283495029149,0.65,0.753224319878643,0.835638903918886,0.728800199538215,0.809983888756795,2.85416666666667,0.0,1.7411285049989,0.0,0.0,0.0,0.0,0.0,0.0,0.0,0.0,0.0,0.0,0.0,0.0,0.0,0.0,0.0,0.0,0.0,0.0,0.0,0.0,0.0,0.0,0.0,0.0,0.0,0.0,0.0,0.0,0.0,0.0,0.0,0.0,0.0,0.0,0.0,0.0,0.0,0.0,0.0,0.0,0.0,0.0,5.977812566848,0.505947078376967,0.0,0.0,0.0,0.0,0.505947078376967,0.0,0.0,0.0,17.6004043111425,0.0,0.953811488550585,0.45288698825671,0.0753215711341608,7.87100545107704,7.08973531112387,1.08291009847552,0.0747334025246309,0.0,11.11664466591755
CZ,112.273028372194,10.5664734729278,0.0,0.0,0.0,0.0,0.0,0.0,0.0,0.0,38.9589137148791,0.0,0.0,0.0,73.3141146573153,0.0,0.0,0.0,0.0,0.0,0.0,0.0,0.0,0.0,0.0,0.0,0.0,0.0,0.0,0.718866666666667,0.744833333333333,0.790627248064204,0.734439161184717,0.933333333333333,0.783333333333333,4.0,0.0,0.0,0.0,0.0,0.0,0.0,0.0,0.0,0.0,0.0,0.0,0.0,8.96467830790993,0.0,0.0,0.0,0.0,0.0,0.0,0.0,0.0,0.0,0.0,0.0,0.0,0.0,0.0,0.0,0.0,2.88333333333333,1.11961816102726,105.371840145649,1.11961816102726,1.11961816102726,0.0,0.0,0.0,0.0,0.0,0.0,0.0,0.0,0.0,0.0,0.0,0.0,0.627283495029149,0.65,0.753224319878643,0.835638903918886,0.728800199538215,0.809983888756795,2.85416666666667,0.0,1.05092760285492,0.0,0.0,0.0,0.0,0.0,0.0,0.0,0.0,0.0,0.0,0.0,0.0,0.0,0.0,0.0,0.0,0.0,0.0,0.0,0.0,0.0,0.0,0.0,0.0,0.0,0.0,0.0,0.0,0.0,0.0,0.0,0.0,0.0,0.0,0.0,0.0,0.0,0.0,0.0,0.0,0.0,0.0,8.22578072930486,1.11961816102726,0.0,0.0,0.0,0.0,1.11961816102726,0.0,0.0,0.0,19.361004801097,0.0425994485577393,0.54312423953772,0.0405357349349423,2.12940609665111,10.0837873036064,4.7680056169619,1.67991147841544,0.0736348824317166,0.0,10.01560591076485
DK,142.126628790762,23.470656160316,0.0,0.0,0.0,0.0,0.0,0.0,0.0,0.0,66.1320546280122,0.0,0.0,0.0,75.9945741627501,0.0,0.0,0.0,0.0,0.0,0.0,0.0,0.0,0.0,0.0,0.0,0.0,0.0,0.0,0.718866666666667,0.744833333333333,0.790627248064204,0.734439161184717,0.933333333333333,0.783333333333333,4.0,0.0,0.0,0.0,0.0,0.0,0.0,0.0,0.0,0.0,0.0,0.0,0.0,9.05795257825715,0.0,0.0,0.0,0.0,0.0,0.0,0.0,0.0,0.0,0.0,0.0,0.0,0.0,0.0,0.0,0.0,2.88333333333333,0.267315748587342,44.1442682114669,0.267315748587342,0.267315748587342,0.0,0.0,0.0,0.0,0.0,0.0,0.0,0.0,0.0,0.0,0.0,0.0,0.627283495029149,0.65,0.753224319878643,0.835638903918886,0.728800199538215,0.809983888756795,2.85416666666667,0.0,1.15810249744502,0.0,0.0,0.0,0.0,0.0,0.0,0.0,0.0,0.0,0.0,0.0,0.0,0.0,0.0,0.0,0.0,0.0,0.0,0.0,0.0,0.0,0.0,0.0,0.0,0.0,0.0,0.0,0.0,0.0,0.0,0.0,0.0,0.0,0.0,0.0,0.0,0.0,0.0,0.0,0.0,0.0,0.0,6.64147224976906,0.267315748587342,0.0,0.0,0.0,0.0,0.267315748587342,0.0,0.0,0.0,17.1248430740586,0.0,0.853556828860439,0.160613314804204,0.509465501341831,7.6400233376178,6.92290092785335,0.962697349941762,0.0755858136391907,0.0,10.21605507570217
PT,127.627317083848,13.0409845883495,0.0,0.0,0.0,0.0,0.0,0.0,0.0,0.0,24.4232130045168,0.0,0.0,0.0,103.204104079331,0.0,0.0,0.0,0.0,0.0,0.0,0.0,0.0,0.0,0.0,0.0,0.0,0.0,0.0,0.718866666666667,0.744833333333333,0.790627248064204,0.734439161184717,0.933333333333333,0.783333333333333,4.0,0.0,0.0,0.0,0.0,0.0,0.0,0.0,0.0,0.0,0.0,0.0,0.0,5.4850572104166,0.0,0.0,0.0,0.0,0.0,0.0,0.0,0.0,0.0,0.0,0.0,0.0,0.0,0.0,0.0,0.0,2.88333333333333,0.850297267493147,86.8835435411434,0.850297267493147,0.850297267493147,0.0,0.0,0.0,0.0,0.0,0.0,0.0,0.0,0.0,0.0,0.0,0.0,0.627283495029149,0.65,0.753224319878643,0.835638903918886,0.728800199538215,0.809983888756795,2.85416666666667,0.0,1.13369902331195,0.0,0.0,0.0,0.0,0.0,0.0,0.0,0.0,0.0,0.0,0.0,0.0,0.0,0.0,0.0,0.0,0.0,0.0,0.0,0.0,0.0,0.0,0.0,0.0,0.0,0.0,0.0,0.0,0.0,0.0,0.0,0.0,0.0,0.0,0.0,0.0,0.0,0.0,0.0,0.0,0.0,0.0,8.1818652470962,0.850297267493147,0.0,0.0,0.0,0.0,0.850297267493147,0.0,0.0,0.0,15.6509187483179,0.0,0.404600783741397,0.323661617033001,0.522864387602496,10.7861785497264,1.09614066118052,2.39743606551496,0.120036683519143,0.0,6.61875623372855
RO,134.173156336837,8.09433172639984,0.0,0.0,0.0,0.0,0.0,0.0,0.0,0.0,14.6198633008015,0.0,0.0,0.0,119.553293036035,0.0,0.0,0.0,0.0,0.0,0.0,0.0,0.0,0.0,0.0,0.0,0.0,0.0,0.0,0.718866666666667,0.744833333333333,0.790627248064204,0.734439161184717,0.933333333333333,0.783333333333333,4.0,0.0,0.0,0.0,0.0,0.0,0.0,0.0,0.0,0.0,0.0,0.0,0.0,8.9116796144193,0.0,0.0,0.0,0.0,0.0,0.0,0.0,0.0,0.0,0.0,0.0,0.0,0.0,0.0,0.0,0.0,2.88333333333333,0.131037343840687,7.90515598313937,0.131037343840687,0.131037343840687,0.0,0.0,0.0,0.0,0.0,0.0,0.0,0.0,0.0,0.0,0.0,0.0,0.627283495029149,0.65,0.753224319878643,0.835638903918886,0.728800199538215,0.809983888756795,2.85416666666667,0.0,1.10652107438547,0.0,0.0,0.0,0.0,0.0,0.0,0.0,0.0,0.0,0.0,0.0,0.0,0.0,0.0,0.0,0.0,0.0,0.0,0.0,0.0,0.0,0.0,0.0,0.0,0.0,0.0,0.0,0.0,0.0,0.0,0.0,0.0,0.0,0.0,0.0,0.0,0.0,0.0,0.0,0.0,0.0,0.0,11.8081842784209,0.131037343840687,0.0,0.0,0.0,0.0,0.131037343840687,0.0,0.0,0.0,21.9574223110664,0.00212025920343596,1.73851009729064,0.348906463496267,2.78862656984643,11.5625701339661,3.52928812080259,1.91732824512551,0.0700724213354141,0.0,10.018200688804772
AT,127.588631121714,13.730482883817,0.0,0.0,0.0,0.0,0.0,0.0,0.0,0.0,20.2095095395159,0.0,0.0,0.0,107.379121582198,0.0,0.0,0.0,0.0,0.0,0.0,0.0,0.0,0.0,0.0,0.0,0.0,0.0,0.0,0.718866666666667,0.744833333333333,0.790627248064204,0.734439161184717,0.933333333333333,0.783333333333333,4.0,0.0,0.0,0.0,0.0,0.0,0.0,0.0,0.0,0.0,0.0,0.0,0.0,8.40666457178356,0.0,0.0,0.0,0.0,0.0,0.0,0.0,0.0,0.0,0.0,0.0,0.0,0.0,0.0,0.0,0.0,2.88333333333333,1.19960123877909,129.095391428326,1.19960123877909,1.19960123877909,0.0,0.0,0.0,0.0,0.0,0.0,0.0,0.0,0.0,0.0,0.0,0.0,0.627283495029149,0.65,0.753224319878643,0.835638903918886,0.728800199538215,0.809983888756795,2.85416666666667,0.0,1.21549720667137,0.0,0.0,0.0,0.0,0.0,0.0,0.0,0.0,0.0,0.0,0.0,0.0,0.0,0.0,0.0,0.0,0.0,0.0,0.0,0.0,0.0,0.0,0.0,0.0,0.0,0.0,0.0,0.0,0.0,0.0,0.0,0.0,0.0,0.0,0.0,0.0,0.0,0.0,0.0,0.0,0.0,0.0,7.92882090804285,1.19960123877909,0.0,0.0,0.0,0.0,1.19960123877909,0.0,0.0,0.0,18.7505839252769,0.0,0.989267760883943,0.413466462620656,0.74613327024833,9.24946338910811,6.00841596383768,1.13327587750898,0.210561201069183,0.0,9.622161778454931
BG,68.4765170822747,11.3810395802554,0.0,0.0,0.0,0.0,0.0,0.0,0.0,0.0,14.8092208251138,0.0,0.0,0.0,53.6672962571609,0.0,0.0,0.0,0.0,0.0,0.0,0.0,0.0,0.0,0.0,0.0,0.0,0.0,0.0,0.718866666666667,0.744833333333333,0.790627248064204,0.734439161184717,0.933333333333333,0.783333333333333,4.0,0.0,0.0,0.0,0.0,0.0,0.0,0.0,0.0,0.0,0.0,0.0,0.0,3.84566780550582,0.0,0.0,0.0,0.0,0.0,0.0,0.0,0.0,0.0,0.0,0.0,0.0,0.0,0.0,0.0,0.0,2.88333333333333,0.22836251857115,37.9546591042642,0.22836251857115,0.22836251857115,0.0,0.0,0.0,0.0,0.0,0.0,0.0,0.0,0.0,0.0,0.0,0.0,0.627283495029149,0.65,0.753224319878643,0.835638903918886,0.728800199538215,0.809983888756795,2.85416666666667,0.0,0.678741770531733,0.0,0.0,0.0,0.0,0.0,0.0,0.0,0.0,0.0,0.0,0.0,0.0,0.0,0.0,0.0,0.0,0.0,0.0,0.0,0.0,0.0,0.0,0.0,0.0,0.0,0.0,0.0,0.0,0.0,0.0,0.0,0.0,0.0,0.0,0.0,0.0,0.0,0.0,0.0,0.0,0.0,0.0,4.78043961705687,0.22836251857115,0.0,0.0,0.0,0.0,0.22836251857115,0.0,0.0,0.0,9.53321171166557,0.00607445629742375,0.957938194786659,0.0628027850638805,0.244064890888376,5.50693107862242,1.68671162611181,1.00227901386781,0.0664096660271975,0.0,4.524409576037553
EE,15.6147405908816,12.1842141701929,0.0,0.0,0.0,0.0,0.0,0.0,0.0,0.0,3.92422631274893,0.0,0.0,0.0,11.6905142781327,0.0,0.0,0.0,0.0,0.0,0.0,0.0,0.0,0.0,0.0,0.0,0.0,0.0,0.0,0.718866666666667,0.744833333333333,0.790627248064204,0.734439161184717,0.933333333333333,0.783333333333333,4.0,0.0,0.0,0.0,0.0,0.0,0.0,0.0,0.0,0.0,0.0,0.0,0.0,1.1215493870236,0.0,0.0,0.0,0.0,0.0,0.0,0.0,0.0,0.0,0.0,0.0,0.0,0.0,0.0,0.0,0.0,2.88333333333333,0.00320936768959457,2.50427620320202,0.00320936768959457,0.00320936768959457,0.0,0.0,0.0,0.0,0.0,0.0,0.0,0.0,0.0,0.0,0.0,0.0,0.627283495029149,0.65,0.753224319878643,0.835638903918886,0.728800199538215,0.809983888756795,2.85416666666667,0.0,0.160414334450834,0.0,0.0,0.0,0.0,0.0,0.0,0.0,0.0,0.0,0.0,0.0,0.0,0.0,0.0,0.0,0.0,0.0,0.0,0.0,0.0,0.0,0.0,0.0,0.0,0.0,0.0,0.0,0.0,0.0,0.0,0.0,0.0,0.0,0.0,0.0,0.0,0.0,0.0,0.0,0.0,0.0,0.0,1.04396156477204,0.00320936768959457,0.0,0.0,0.0,0.0,0.00320936768959457,0.0,0.0,0.0,2.32913465393607,0.00149776643909435,0.115364633027761,0.0389719513714177,0.11226361165579,1.16225521830063,0.778868235153589,0.111266662395682,0.00864657559211106,0.0,1.281963721474434
GR,133.940461046501,13.5145990309258,0.0,0.0,0.0,0.0,0.0,0.0,0.0,0.0,22.7343851738242,0.0,0.0,0.0,111.206075872677,0.0,0.0,0.0,0.0,0.0,0.0,0.0,0.0,0.0,0.0,0.0,0.0,0.0,0.0,0.718866666666667,0.744833333333333,0.790627248064204,0.734439161184717,0.933333333333333,0.783333333333333,4.0,0.0,0.0,0.0,0.0,0.0,0.0,0.0,0.0,0.0,0.0,0.0,0.0,7.19325035073871,0.0,0.0,0.0,0.0,0.0,0.0,0.0,0.0,0.0,0.0,0.0,0.0,0.0,0.0,0.0,0.0,2.88333333333333,3.69865870401505,373.194843040394,3.69865870401505,3.69865870401505,0.0,0.0,0.0,0.0,0.0,0.0,0.0,0.0,0.0,0.0,0.0,0.0,0.627283495029149,0.65,0.753224319878643,0.835638903918886,0.728800199538215,0.809983888756795,2.85416666666667,0.0,1.08369788279913,0.0,0.0,0.0,0.0,0.0,0.0,0.0,0.0,0.0,0.0,0.0,0.0,0.0,0.0,0.0,0.0,0.0,0.0,0.0,0.0,0.0,0.0,0.0,0.0,0.0,0.0,0.0,0.0,0.0,0.0,0.0,0.0,0.0,0.0,0.0,0.0,0.0,0.0,0.0,0.0,0.0,0.0,8.40301850616253,3.69865870401505,0.0,0.0,0.0,0.0,3.69865870401505,0.0,0.0,0.0,20.3786254437154,0.0,0.483686777794069,0.352711108049431,0.458497373744859,15.2464004893956,1.11839436463691,2.63298339816737,0.0859519319272146,0.0,8.27694823353784
LV,19.3862214331535,12.6203505438117,0.0,0.0,0.0,0.0,0.0,0.0,0.0,0.0,4.70847711300964,0.0,0.0,0.0,14.6777443201438,0.0,0.0,0.0,0.0,0.0,0.0,0.0,0.0,0.0,0.0,0.0,0.0,0.0,0.0,0.718866666666667,0.744833333333333,0.790627248064204,0.734439161184717,0.933333333333333,0.783333333333333,4.0,0.0,0.0,0.0,0.0,0.0,0.0,0.0,0.0,0.0,0.0,0.0,0.0,1.36080730492061,0.0,0.0,0.0,0.0,0.0,0.0,0.0,0.0,0.0,0.0,0.0,0.0,0.0,0.0,0.0,0.0,2.88333333333333,0.087763902977716,57.1339404375968,0.087763902977716,0.087763902977716,0.0,0.0,0.0,0.0,0.0,0.0,0.0,0.0,0.0,0.0,0.0,0.0,0.627283495029149,0.65,0.753224319878643,0.835638903918886,0.728800199538215,0.809983888756795,2.85416666666667,0.0,0.176617129796905,0.0,0.0,0.0,0.0,0.0,0.0,0.0,0.0,0.0,0.0,0.0,0.0,0.0,0.0,0.0,0.0,0.0,0.0,0.0,0.0,0.0,0.0,0.0,0.0,0.0,0.0,0.0,0.0,0.0,0.0,0.0,0.0,0.0,0.0,0.0,0.0,0.0,0.0,0.0,0.0,0.0,0.0,1.26807061582884,0.087763902977716,0.0,0.0,0.0,0.0,0.087763902977716,0.0,0.0,0.0,2.89325895352407,0.00432303476667354,0.400946692801323,0.0552600239860153,0.158889418836917,1.34277698147716,0.91938056777864,0.00125244442467962,0.0104297894526571,0.0,1.537424434717515
HU,110.232025547053,11.6757125964413,0.0,0.0,0.0,0.0,0.0,0.0,0.0,0.0,3.80206107399295,0.0,0.0,0.0,106.42996447306,0.0,0.0,0.0,0.0,0.0,0.0,0.0,0.0,0.0,0.0,0.0,0.0,0.0,0.0,0.718866666666667,0.744833333333333,0.790627248064204,0.734439161184717,0.933333333333333,0.783333333333333,4.0,0.0,0.0,0.0,0.0,0.0,0.0,0.0,0.0,0.0,0.0,0.0,0.0,7.02933449057224,0.0,0.0,0.0,0.0,0.0,0.0,0.0,0.0,0.0,0.0,0.0,0.0,0.0,0.0,0.0,0.0,2.88333333333333,0.884874851378022,93.7254341216692,0.884874851378022,0.884874851378022,0.0,0.0,0.0,0.0,0.0,0.0,0.0,0.0,0.0,0.0,0.0,0.0,0.627283495029149,0.65,0.753224319878643,0.835638903918886,0.728800199538215,0.809983888756795,2.85416666666667,0.0,0.988700548755314,0.0,0.0,0.0,0.0,0.0,0.0,0.0,0.0,0.0,0.0,0.0,0.0,0.0,0.0,0.0,0.0,0.0,0.0,0.0,0.0,0.0,0.0,0.0,0.0,0.0,0.0,0.0,0.0,0.0,0.0,0.0,0.0,0.0,0.0,0.0,0.0,0.0,0.0,0.0,0.0,0.0,0.0,7.57078152867632,0.884874851378022,0.0,0.0,0.0,0.0,0.884874851378022,0.0,0.0,0.0,16.4736914193819,0.00359923305895371,0.642005755672957,0.0848227800313957,2.63535988094855,8.39524113365454,2.85503618998633,1.80219172852596,0.0554347175032028,0.0,8.018035039327554
IE,79.5446695612326,13.4717809619771,0.0,0.0,0.0,0.0,0.0,0.0,0.0,0.0,21.9614690117195,0.0,0.0,0.0,57.5832005495131,0.0,0.0,0.0,0.0,0.0,0.0,0.0,0.0,0.0,0.0,0.0,0.0,0.0,0.0,0.718866666666667,0.744833333333333,0.790627248064204,0.734439161184717,0.933333333333333,0.783333333333333,4.0,0.0,0.0,0.0,0.0,0.0,0.0,0.0,0.0,0.0,0.0,0.0,0.0,5.29066595755488,0.0,0.0,0.0,0.0,0.0,0.0,0.0,0.0,0.0,0.0,0.0,0.0,0.0,0.0,0.0,0.0,2.88333333333333,0.290619326593929,49.2196388870139,0.290619326593929,0.290619326593929,0.0,0.0,0.0,0.0,0.0,0.0,0.0,0.0,0.0,0.0,0.0,0.0,0.627283495029149,0.65,0.753224319878643,0.835638903918886,0.728800199538215,0.809983888756795,2.85416666666667,0.0,0.819089164095511,0.0,0.0,0.0,0.0,0.0,0.0,0.0,0.0,0.0,0.0,0.0,0.0,0.0,0.0,0.0,0.0,0.0,0.0,0.0,0.0,0.0,0.0,0.0,0.0,0.0,0.0,0.0,0.0,0.0,0.0,0.0,0.0,0.0,0.0,0.0,0.0,0.0,0.0,0.0,0.0,0.0,0.0,4.99993213903081,0.290619326593929,0.0,0.0,0.0,0.0,0.290619326593929,0.0,0.0,0.0,11.4003065872751,0.00107182327800102,0.388824722945903,0.523222337038928,0.805336499929409,7.39202161328381,0.825011003383952,1.4232373919697,0.0415811954454339,0.0,6.109755121650391
SK,45.9306773377907,8.64587383267661,0.0,0.0,0.0,0.0,0.0,0.0,0.0,0.0,8.09334077819295,0.0,0.0,0.0,37.8373365595977,0.0,0.0,0.0,0.0,0.0,0.0,0.0,0.0,0.0,0.0,0.0,0.0,0.0,0.0,0.718866666666667,0.744833333333333,0.790627248064204,0.734439161184717,0.933333333333333,0.783333333333333,4.0,0.0,0.0,0.0,0.0,0.0,0.0,0.0,0.0,0.0,0.0,0.0,0.0,2.77543752237957,0.0,0.0,0.0,0.0,0.0,0.0,0.0,0.0,0.0,0.0,0.0,0.0,0.0,0.0,0.0,0.0,2.88333333333333,0.89331217409417,168.154810642375,0.89331217409417,0.89331217409417,0.0,0.0,0.0,0.0,0.0,0.0,0.0,0.0,0.0,0.0,0.0,0.0,0.627283495029149,0.65,0.753224319878643,0.835638903918886,0.728800199538215,0.809983888756795,2.85416666666667,0.0,0.483881394915053,0.0,0.0,0.0,0.0,0.0,0.0,0.0,0.0,0.0,0.0,0.0,0.0,0.0,0.0,0.0,0.0,0.0,0.0,0.0,0.0,0.0,0.0,0.0,0.0,0.0,0.0,0.0,0.0,0.0,0.0,0.0,0.0,0.0,0.0,0.0,0.0,0.0,0.0,0.0,0.0,0.0,0.0,3.85761082344477,0.89331217409417,0.0,0.0,0.0,0.0,0.89331217409417,0.0,0.0,0.0,8.01024191483356,0.152142290339194,0.406696837592456,0.0117351537295642,0.912275859701509,4.65224931250883,1.32478357037281,0.526417471015331,0.0239414195738703,0.0,3.259318917294623
LT,27.8686818507417,11.9112303599617,0.0,0.0,0.0,0.0,0.0,0.0,0.0,0.0,7.76966089278664,0.0,0.0,0.0,20.0990209579551,0.0,0.0,0.0,0.0,0.0,0.0,0.0,0.0,0.0,0.0,0.0,0.0,0.0,0.0,0.718866666666667,0.744833333333333,0.790627248064204,0.734439161184717,0.933333333333333,0.783333333333333,4.0,0.0,0.0,0.0,0.0,0.0,0.0,0.0,0.0,0.0,0.0,0.0,0.0,2.00258125435419,0.0,0.0,0.0,0.0,0.0,0.0,0.0,0.0,0.0,0.0,0.0,0.0,0.0,0.0,0.0,0.0,2.88333333333333,0.0495525034472554,21.1790168847669,0.0495525034472554,0.0495525034472554,0.0,0.0,0.0,0.0,0.0,0.0,0.0,0.0,0.0,0.0,0.0,0.0,0.627283495029149,0.65,0.753224319878643,0.835638903918886,0.728800199538215,0.809983888756795,2.85416666666667,0.0,0.245790679382529,0.0,0.0,0.0,0.0,0.0,0.0,0.0,0.0,0.0,0.0,0.0,0.0,0.0,0.0,0.0,0.0,0.0,0.0,0.0,0.0,0.0,0.0,0.0,0.0,0.0,0.0,0.0,0.0,0.0,0.0,0.0,0.0,0.0,0.0,0.0,0.0,0.0,0.0,0.0,0.0,0.0,0.0,1.88996302626854,0.0495525034472554,0.0,0.0,0.0,0.0,0.0495525034472554,0.0,0.0,0.0,4.18788746345251,0.064882811768533,0.283227466493855,0.00349647367901919,0.152749887776717,2.04490585812805,1.45875902810905,0.164669947001782,0.0151959904955083,0.0,2.2483719337367187
HR,39.6223531816221,10.9681649184128,0.0,0.0,0.0,0.0,0.0,0.0,0.0,0.0,7.05899825257332,0.0,0.0,0.0,32.5633549290488,0.0,0.0,0.0,0.0,0.0,0.0,0.0,0.0,0.0,0.0,0.0,0.0,0.0,0.0,0.718866666666667,0.744833333333333,0.790627248064204,0.734439161184717,0.933333333333333,0.783333333333333,4.0,0.0,0.0,0.0,0.0,0.0,0.0,0.0,0.0,0.0,0.0,0.0,0.0,2.31464438777708,0.0,0.0,0.0,0.0,0.0,0.0,0.0,0.0,0.0,0.0,0.0,0.0,0.0,0.0,0.0,0.0,2.88333333333333,0.586805706034554,162.438150236818,0.586805706034554,0.586805706034554,0.0,0.0,0.0,0.0,0.0,0.0,0.0,0.0,0.0,0.0,0.0,0.0,0.627283495029149,0.65,0.753224319878643,0.835638903918886,0.728800199538215,0.809983888756795,2.85416666666667,0.0,0.319025853281762,0.0,0.0,0.0,0.0,0.0,0.0,0.0,0.0,0.0,0.0,0.0,0.0,0.0,0.0,0.0,0.0,0.0,0.0,0.0,0.0,0.0,0.0,0.0,0.0,0.0,0.0,0.0,0.0,0.0,0.0,0.0,0.0,0.0,0.0,0.0,0.0,0.0,0.0,0.0,0.0,0.0,0.0,2.83292719954055,0.586805706034554,0.0,0.0,0.0,0.0,0.586805706034554,0.0,0.0,0.0,6.05340314663395,8.96451624745623e-05,0.186133136627687,0.112052489833388,0.443641453127191,3.94017324795941,0.740886840118633,0.60337438275191,0.0270519510532633,0.0,2.633670241058842
LU,9.1444994740591,12.3718599854413,0.0,0.0,0.0,0.0,0.0,0.0,0.0,0.0,2.1732990937833,0.0,0.0,0.0,6.9712003802758,0.0,0.0,0.0,0.0,0.0,0.0,0.0,0.0,0.0,0.0,0.0,0.0,0.0,0.0,0.718866666666667,0.744833333333333,0.790627248064204,0.734439161184717,0.933333333333333,0.783333333333333,4.0,0.0,0.0,0.0,0.0,0.0,0.0,0.0,0.0,0.0,0.0,0.0,0.0,0.702480206199864,0.0,0.0,0.0,0.0,0.0,0.0,0.0,0.0,0.0,0.0,0.0,0.0,0.0,0.0,0.0,0.0,2.88333333333333,0.0312782028502091,42.3171926858067,0.0312782028502091,0.0312782028502091,0.0,0.0,0.0,0.0,0.0,0.0,0.0,0.0,0.0,0.0,0.0,0.0,0.627283495029149,0.65,0.753224319878643,0.835638903918886,0.728800199538215,0.809983888756795,2.85416666666667,0.0,0.0837225698481411,0.0,0.0,0.0,0.0,0.0,0.0,0.0,0.0,0.0,0.0,0.0,0.0,0.0,0.0,0.0,0.0,0.0,0.0,0.0,0.0,0.0,0.0,0.0,0.0,0.0,0.0,0.0,0.0,0.0,0.0,0.0,0.0,0.0,0.0,0.0,0.0,0.0,0.0,0.0,0.0,0.0,0.0,0.605572356851477,0.0312782028502091,0.0,0.0,0.0,0.0,0.0312782028502091,0.0,0.0,0.0,1.42305333574969,0.0,0.0364646226274842,0.101956665033935,0.0916737104787324,0.690127318708582,0.379328024141507,0.118309135089796,0.00519385966965535,0.0,0.786202776048005
SI,29.1720831852695,14.0141116808284,0.0,0.0,0.0,0.0,0.0,0.0,0.0,0.0,9.3396373956799,0.0,0.0,0.0,19.8324457895896,0.0,0.0,0.0,0.0,0.0,0.0,0.0,0.0,0.0,0.0,0.0,0.0,0.0,0.0,0.718866666666667,0.744833333333333,0.790627248064204,0.734439161184717,0.933333333333333,0.783333333333333,4.0,0.0,0.0,0.0,0.0,0.0,0.0,0.0,0.0,0.0,0.0,0.0,0.0,1.86558552091268,0.0,0.0,0.0,0.0,0.0,0.0,0.0,0.0,0.0,0.0,0.0,0.0,0.0,0.0,0.0,0.0,2.88333333333333,0.261837898970075,125.785516760524,0.261837898970075,0.261837898970075,0.0,0.0,0.0,0.0,0.0,0.0,0.0,0.0,0.0,0.0,0.0,0.0,0.627283495029149,0.65,0.753224319878643,0.835638903918886,0.728800199538215,0.809983888756795,2.85416666666667,0.0,0.347134675500921,0.0,0.0,0.0,0.0,0.0,0.0,0.0,0.0,0.0,0.0,0.0,0.0,0.0,0.0,0.0,0.0,0.0,0.0,0.0,0.0,0.0,0.0,0.0,0.0,0.0,0.0,0.0,0.0,0.0,0.0,0.0,0.0,0.0,0.0,0.0,0.0,0.0,0.0,0.0,0.0,0.0,0.0,1.79092929963174,0.261837898970075,0.0,0.0,0.0,0.0,0.261837898970075,0.0,0.0,0.0,4.26548739501541,0.0,0.104781456381561,0.200587838943963,0.0754602038397252,2.6051490869761,0.759343721837023,0.505196307553953,0.0149687794830801,0.0,2.212720196413601
CH,176.25916482608,18.4701597809558,0.0,0.0,0.0,0.0,0.0,0.0,0.0,0.0,0.0,0.0,0.0,0.0,176.25916482608,0.0,0.0,0.0,0.0,0.0,0.0,0.0,0.0,0.0,0.0,0.0,0.0,0.0,0.0,0.718866666666667,0.744833333333333,0.790627248064204,0.734439161184717,0.933333333333333,0.783333333333333,4.0,0.0,0.0,0.0,0.0,0.0,0.0,0.0,0.0,0.0,0.0,0.0,0.0,12.8580728176163,0.0,0.0,0.0,0.0,0.0,0.0,0.0,0.0,0.0,0.0,0.0,0.0,0.0,0.0,0.0,0.0,2.88333333333333,4.66422988123087,488.763641008107,4.66422988123087,4.66422988123087,0.0,0.0,0.0,0.0,0.0,0.0,0.0,0.0,0.0,0.0,0.0,0.0,0.627283495029149,0.65,0.753224319878643,0.835638903918886,0.728800199538215,0.809983888756795,2.85416666666667,0.0,2.25837689636403,0.0,0.0,0.0,0.0,0.0,0.0,0.0,0.0,0.0,0.0,0.0,0.0,0.0,0.0,0.0,0.0,0.0,0.0,0.0,0.0,0.0,0.0,0.0,0.0,0.0,0.0,0.0,0.0,0.0,0.0,0.0,0.0,0.0,0.0,0.0,0.0,0.0,0.0,0.0,0.0,0.0,0.0,9.273365770652,4.66422988123087,0.0,0.0,0.0,0.0,4.66422988123087,0.0,0.0,0.0,28.9728920861336,0.00600885636794739,2.26343494514362,2.17905340243974,1.56891844975661,16.8180128286283,2.6705215816712,3.36717390638151,0.0997681157446372,0.0,15.11644971398033
NO,132.264451693281,21.697095333638,0.0,0.0,0.0,0.0,0.0,0.0,0.0,0.0,34.9130959626481,0.0,0.0,0.0,97.3513557306333,0.0,0.0,0.0,0.0,0.0,0.0,0.0,0.0,0.0,0.0,0.0,0.0,0.0,0.0,0.718866666666667,0.744833333333333,0.790627248064204,0.734439161184717,0.933333333333333,0.783333333333333,4.0,0.0,0.0,0.0,0.0,0.0,0.0,0.0,0.0,0.0,0.0,0.0,0.0,9.65624801145649,0.0,0.0,0.0,0.0,0.0,0.0,0.0,0.0,0.0,0.0,0.0,0.0,0.0,0.0,0.0,0.0,2.88333333333333,0.521096693304735,85.4824141175546,0.521096693304735,0.521096693304735,0.0,0.0,0.0,0.0,0.0,0.0,0.0,0.0,0.0,0.0,0.0,0.0,0.627283495029149,0.65,0.753224319878643,0.835638903918886,0.728800199538215,0.809983888756795,2.85416666666667,0.0,1.79756259993872,0.0,0.0,0.0,0.0,0.0,0.0,0.0,0.0,0.0,0.0,0.0,0.0,0.0,0.0,0.0,0.0,0.0,0.0,0.0,0.0,0.0,0.0,0.0,0.0,0.0,0.0,0.0,0.0,0.0,0.0,0.0,0.0,0.0,0.0,0.0,0.0,0.0,0.0,0.0,0.0,0.0,0.0,6.41554681233203,0.521096693304735,0.0,0.0,0.0,0.0,0.521096693304735,0.0,0.0,0.0,18.390454117032,0.000161372600265492,0.616998024015847,0.70665932743488,0.0500467665163722,10.5572257167633,3.38259609907628,2.999879367057,0.0768874435679973,0.0,11.45381061139521
